First Name,Last Name,Email,Phone
Verna,Barrows,vbarrows0@typepad.com,955-988-7007
Kirstin,Boffin,kboffin1@wunderground.com,254-672-4238
Carlota,O' Donohoe,codonohoe2@wired.com,499-976-4709
Talya,Kynforth,tkynforth3@fda.gov,132-640-1663
Katina,Vearnals,kvearnals4@surveymonkey.com,658-989-2234
Ginevra,Borrett,gborrett5@addtoany.com,180-229-2838
Rex,Kennefick,,
Bram,Valentim,bvalentim7@imdb.com,253-203-2082
Sascha,Reignolds,sreignolds8@sciencedaily.com,638-960-4176
Ulberto,Slora,,
Raina,Lewsey,,
Patty,Peskett,ppeskettb@bbb.org,772-594-1792
Blinni,Phateplace,bphateplacec@amazon.com,255-185-1775
Archy,Glancey,aglanceyd@paginegialle.it,696-419-9444
Lishe,Dew,ldewe@liveinternet.ru,218-942-0393
Cammy,Cooley,ccooleyf@google.com.au,698-562-2079
Corrina,Ludovici,cludovicig@opensource.org,365-918-1293
Boniface,Fierman,bfiermanh@tmall.com,364-102-1468
Leonhard,Kirk,lkirki@seattletimes.com,306-449-3403
Ulberto,Smaling,usmalingj@list-manage.com,784-140-3476
Teddy,Daborne,tdabornek@cbc.ca,112-986-0044
Iain,Benton,ibentonl@freewebs.com,721-261-5692
Latrina,Benesevich,lbenesevichm@youtu.be,748-906-6787
Donny,Stockey,dstockeyn@google.com.au,808-408-2564
Sada,Riehm,sriehmo@squidoo.com,419-830-0465
Ellswerth,Buzzing,,
Bevin,Latus,,
Rancell,Marunchak,rmarunchakr@mac.com,143-788-5003
Clemmy,Ohanessian,cohanessians@jimdo.com,562-748-9190
Corbin,Hargraves,chargravest@cpanel.net,652-365-1116
Jay,Gallardo,jgallardou@slideshare.net,355-743-3522
Petey,McGeouch,,
Jared,Inder,jinderw@comsenz.com,463-426-2000
Rebeca,Greatreax,rgreatreaxx@japanpost.jp,828-745-7043
Gabriell,Tierny,gtiernyy@qq.com,279-433-7541
Adrian,Formoy,aformoyz@nba.com,134-480-9857
Merwin,Jumel,mjumel10@ow.ly,717-126-5571
Esta,Casterton,ecasterton11@cnet.com,695-884-3417
Imogene,Jaulme,ijaulme12@narod.ru,128-521-9334
Nichole,Wanstall,nwanstall13@furl.net,634-224-8718
Lanni,Suart,lsuart14@ftc.gov,499-595-8305
Norene,Perfitt,nperfitt15@aboutads.info,648-318-4756
Debora,Hammatt,dhammatt16@pagesperso-orange.fr,760-807-9784
Ewart,Stain,estain17@list-manage.com,892-453-4203
Lucky,Lambertazzi,llambertazzi18@cbc.ca,750-738-9514
Montague,Kealey,mkealey19@shutterfly.com,890-681-0252
Hally,Daish,hdaish1a@nps.gov,718-737-4333
Randee,Ropcke,rropcke1b@trellian.com,429-921-9257
Barty,Fletcher,,
Ronni,Presswell,rpresswell1d@walmart.com,878-144-7185
Annabal,Betser,abetser1e@digg.com,724-558-7161
Demetri,Giacopetti,dgiacopetti1f@istockphoto.com,913-659-2911
Harriott,Reynold,hreynold1g@ask.com,305-655-8432
Pooh,Brotheridge,,
Edyth,Longworthy,,
Wendel,Heinemann,wheinemann1j@t-online.de,842-900-7889
Duky,Benet,dbenet1k@geocities.jp,313-874-1050
Irv,Finlay,ifinlay1l@digg.com,475-497-8592
Vallie,Shotboult,vshotboult1m@princeton.edu,512-578-5309
Alysia,Aldham,aaldham1n@histats.com,129-233-0625
Stinky,Morman,smorman1o@odnoklassniki.ru,266-414-9226
Lela,Ivermee,livermee1p@topsy.com,636-479-3154
Myer,Cudbird,mcudbird1q@1688.com,134-976-0531
Megan,Zanetti,mzanetti1r@umich.edu,956-529-1222
Radcliffe,Hoogendorp,rhoogendorp1s@wp.com,739-459-9586
Valdemar,Jochanany,vjochanany1t@admin.ch,514-747-7070
Filberte,Ketteringham,fketteringham1u@ow.ly,759-665-3348
Boonie,Marzelo,bmarzelo1v@cnn.com,810-606-0556
Gilles,Stiggles,,
Nolie,Rany,nrany1x@vistaprint.com,202-800-8603
Em,Wingate,,
Bertram,Stockoe,bstockoe1z@ow.ly,802-596-7223
Felicity,Dyhouse,fdyhouse20@discuz.net,592-816-6677
Yasmeen,Skerrett,yskerrett21@quantcast.com,274-409-9454
Pedro,Leverich,,
Fara,Probey,fprobey23@epa.gov,597-339-7667
Barbabas,Hew,bhew24@friendfeed.com,295-933-2529
Kameko,Beazey,kbeazey25@illinois.edu,157-605-4104
Ettie,Tanby,etanby26@last.fm,649-964-5365
Rockey,Carragher,rcarragher27@squidoo.com,705-539-2275
Solomon,Klimowski,sklimowski28@unblog.fr,609-371-8074
Major,Apps,mapps29@behance.net,590-800-4675
Eda,Longshaw,elongshaw2a@cnet.com,459-198-8651
Merle,Youdell,myoudell2b@patch.com,362-832-2428
Daisy,Tarzey,,
Mariquilla,Kelcey,mkelcey2d@shop-pro.jp,226-366-5741
Tawnya,Shingfield,tshingfield2e@dot.gov,890-720-6942
Orazio,Sedger,osedger2f@livejournal.com,353-387-4093
Jeremy,McCreery,jmccreery2g@plala.or.jp,994-949-2788
Garner,Cornbill,gcornbill2h@about.me,409-738-5460
Thor,Langrick,tlangrick2i@ameblo.jp,416-907-7826
Tarrah,Tunno,ttunno2j@businessinsider.com,234-701-9192
Deena,Faucherand,,
Huntington,Karchewski,hkarchewski2l@china.com.cn,901-900-5712
Kaitlin,Dallison,kdallison2m@spotify.com,601-874-8848
Georges,Spare,,
Mauricio,Storry,mstorry2o@prlog.org,120-429-3019
Ives,Bigham,ibigham2p@mediafire.com,265-746-7491
Fayette,Waddilove,fwaddilove2q@google.de,450-563-8034
Quintin,Parkhouse,,
Carlo,Ronaldson,cronaldson2s@miitbeian.gov.cn,942-377-4963
Lorinda,Bercevelo,,
Emmalyn,Bermingham,ebermingham2u@networkadvertising.org,183-219-7234
Pip,Pape,,
Culver,Ochterlony,,
Reyna,Sogg,rsogg2x@ted.com,820-909-7533
Noelyn,Tinline,ntinline2y@bbb.org,639-222-0610
Dwight,Arnson,darnson2z@gov.uk,208-705-4626
Livvy,Rivelon,lrivelon30@ning.com,163-688-0600
Anabella,Bovaird,,
Valentina,Pring,vpring32@amazon.co.uk,246-545-1412
Pepe,Linnitt,plinnitt33@loc.gov,723-378-5098
Essie,Gittose,,
Nedda,Schooling,nschooling35@alexa.com,306-130-1707
Dorolice,Abthorpe,dabthorpe36@narod.ru,983-468-6186
Stevie,Gadson,sgadson37@deliciousdays.com,503-706-5052
Bil,Blackie,bblackie38@wufoo.com,370-452-3805
Paige,McMarquis,pmcmarquis39@alibaba.com,980-300-8822
Jon,Cotterill,jcotterill3a@blogger.com,731-121-8719
Arlette,Prys,aprys3b@gmpg.org,210-408-7481
Goldina,Verdey,gverdey3c@ehow.com,182-396-5140
Hall,Lenox,hlenox3d@biglobe.ne.jp,525-566-6552
Felipa,Founds,ffounds3e@paginegialle.it,279-441-3056
Dawn,Philipp,dphilipp3f@technorati.com,880-723-8314
Bendix,Lemmertz,,
Lanna,Runnicles,lrunnicles3h@businessweek.com,918-176-6818
Gertrudis,Barttrum,gbarttrum3i@businessinsider.com,744-812-4531
Heloise,Whitemarsh,hwhitemarsh3j@timesonline.co.uk,621-771-9171
Barbara,Crutchfield,bcrutchfield3k@mapquest.com,582-306-9719
Hermy,Dullaghan,hdullaghan3l@ucla.edu,741-680-5220
Rutter,Jeanequin,rjeanequin3m@prweb.com,676-361-3775
Marley,Ellaway,mellaway3n@tiny.cc,791-778-8021
Geneva,McGrath,gmcgrath3o@printfriendly.com,368-358-0591
Elisabet,Ambroziak,eambroziak3p@cnet.com,511-313-7210
Ewell,Grier,egrier3q@redcross.org,402-147-2324
Merry,Normanvell,mnormanvell3r@hostgator.com,648-850-8707
Gabie,Lanceter,glanceter3s@sfgate.com,561-650-9725
Sollie,Sicily,ssicily3t@jimdo.com,129-887-3851
Adolphus,Lehr,alehr3u@chronoengine.com,801-498-4172
Haily,Davie,hdavie3v@weather.com,686-519-3182
Car,Zipsell,czipsell3w@nbcnews.com,701-885-1191
Farand,Daye,fdaye3x@wiley.com,394-398-1593
Cleveland,Tupper,ctupper3y@studiopress.com,594-352-8720
Alayne,Jovicic,,
Jedd,Dowse,,
Yvor,Jacobsson,yjacobsson41@diigo.com,938-216-1870
Alethea,Dear,adear42@timesonline.co.uk,833-145-9935
Vito,Oxlee,voxlee43@parallels.com,860-111-3608
Saxe,Wasiela,swasiela44@youtu.be,510-609-1521
Glendon,Phillp,,
Agnola,McKilroe,amckilroe46@privacy.gov.au,823-276-5393
Celinka,Sibery,,
Robbert,Crockley,rcrockley48@gizmodo.com,501-330-6738
Verge,Hulls,vhulls49@earthlink.net,387-250-0715
Georgina,Dorcey,,
Maudie,MacTrustrie,mmactrustrie4b@china.com.cn,244-781-9271
Caryl,Heake,cheake4c@aboutads.info,669-340-9419
Tamar,Cattlow,tcattlow4d@1688.com,801-638-6084
Kinsley,Boshier,kboshier4e@hhs.gov,294-672-0091
Dre,Oldcroft,doldcroft4f@accuweather.com,225-440-7473
Den,Hauck,dhauck4g@sciencedaily.com,727-858-0213
Kristi,Garrard,kgarrard4h@booking.com,507-391-5134
Sybila,De Vries,sdevries4i@nps.gov,739-920-2027
Jaquelyn,Jeanesson,jjeanesson4j@google.fr,375-523-8167
Augustine,Feben,afeben4k@a8.net,547-802-3854
Vanna,MacDonogh,vmacdonogh4l@house.gov,282-333-6605
Kristan,Renowden,krenowden4m@canalblog.com,134-156-9144
Gunner,Wandrich,gwandrich4n@hatena.ne.jp,960-141-1713
Dicky,Frame,dframe4o@google.fr,566-211-7254
Ertha,Sieb,esieb4p@usa.gov,955-240-5468
Vivie,Teale,vteale4q@goo.ne.jp,611-624-2696
Evan,Vaney,,
Clarisse,Fatharly,cfatharly4s@soundcloud.com,568-700-3860
Tessy,Cockrill,tcockrill4t@about.me,415-121-5501
Hedda,Newbigging,hnewbigging4u@state.gov,489-435-6906
Sheppard,Kun,skun4v@wired.com,547-905-1193
Reginauld,Montier,rmontier4w@mtv.com,153-566-9319
Benjamen,Growden,bgrowden4x@dropbox.com,238-104-5390
Emmalynn,Treslove,etreslove4y@cpanel.net,667-684-6236
Cully,Boyfield,cboyfield4z@eventbrite.com,170-570-0527
Oberon,MacSwayde,omacswayde50@infoseek.co.jp,928-250-7049
Quincey,Churm,qchurm51@cocolog-nifty.com,681-247-1737
Rozalie,Stanluck,rstanluck52@wordpress.com,516-257-1615
Anette,Isac,aisac53@tuttocitta.it,129-785-0402
Maryrose,Franke,mfranke54@wikia.com,934-819-0296
Berni,Bilovus,bbilovus55@nymag.com,270-615-8433
Malcolm,Lushey,mlushey56@cdbaby.com,697-859-0015
Christabella,Greenleaf,,
Davita,Roizin,droizin58@pbs.org,189-766-1958
Benoit,Cranch,bcranch59@mapy.cz,737-402-1305
Cayla,MacHostie,cmachostie5a@nbcnews.com,306-233-2863
Magnum,Linke,,
Viviene,MacCaghan,,
Glori,Cominoli,gcominoli5d@diigo.com,763-708-8239
Gayelord,Gilston,ggilston5e@xinhuanet.com,903-642-2818
See,Halpeine,shalpeine5f@clickbank.net,448-691-8832
Harmonia,Schuster,hschuster5g@chronoengine.com,190-382-7297
Jerry,Girvin,jgirvin5h@so-net.ne.jp,174-350-9789
Nadine,Kener,nkener5i@smugmug.com,769-922-4397
Vanni,Lucas,,
Prent,Wratten,pwratten5k@lycos.com,490-344-8108
Elga,Deboy,,
Wallis,Hansana,whansana5m@fc2.com,674-346-0171
Augustine,Flament,aflament5n@alibaba.com,152-128-6168
Alleen,Rraundl,,
Bibby,Franzen,bfranzen5p@wikia.com,372-461-5532
William,Pattesall,wpattesall5q@ebay.com,156-318-7151
Chev,Rupprecht,crupprecht5r@ebay.co.uk,185-830-5041
Troy,Gostall,tgostall5s@sitemeter.com,634-485-1876
Adel,Alderman,aalderman5t@indiatimes.com,211-686-7241
Ronnica,Ciobutaru,rciobutaru5u@rediff.com,906-762-2884
Rufe,Torre,rtorre5v@squidoo.com,782-884-5106
Dev,Mablestone,dmablestone5w@hexun.com,925-715-4253
Myles,Mazillius,,
Fredek,Illston,fillston5y@weibo.com,197-235-3457
Karlyn,McArdell,kmcardell5z@cnbc.com,518-663-1275
Kiele,Hubbard,khubbard60@cdbaby.com,379-377-7978
Chan,Belford,cbelford61@newsvine.com,474-930-9262
Mellicent,Simond,msimond62@rediff.com,461-104-2417
Melisa,Finby,mfinby63@theglobeandmail.com,268-899-0524
Caesar,Baynam,cbaynam64@gnu.org,696-176-6725
Ettie,Ruff,eruff65@oracle.com,426-141-6330
Crissie,Mathissen,,
Austin,Petriello,apetriello67@cdbaby.com,742-877-7787
Fara,Chellingworth,fchellingworth68@soup.io,808-557-2925
Kaila,Simmell,ksimmell69@prlog.org,225-170-9592
Stoddard,Stearnes,sstearnes6a@ucoz.ru,562-892-4855
Danila,Iseton,diseton6b@chicagotribune.com,196-762-1078
Cristian,Philipson,cphilipson6c@quantcast.com,629-794-1371
Florella,Pellew,fpellew6d@shutterfly.com,484-473-9613
Gearard,Ambrosoli,gambrosoli6e@cornell.edu,372-944-0197
Jonis,Legerwood,,
Odetta,Fletham,ofletham6g@cbsnews.com,633-643-4870
Louis,Ickeringill,lickeringill6h@phpbb.com,225-981-6461
Ronalda,Casetta,rcasetta6i@statcounter.com,545-379-1511
Muire,McEnhill,mmcenhill6j@nifty.com,197-677-4065
Michal,de Wilde,mdewilde6k@columbia.edu,790-388-5856
Eberhard,Kennelly,ekennelly6l@sciencedaily.com,236-912-6908
Abran,Sprankling,asprankling6m@spotify.com,955-438-0060
Ronnica,Bebb,rbebb6n@usgs.gov,375-868-4538
Leshia,Spendley,lspendley6o@patch.com,415-953-3073
Quill,Jedrych,qjedrych6p@tiny.cc,928-898-2448
Channa,Chessill,cchessill6q@buzzfeed.com,524-216-3425
Megan,Leckie,mleckie6r@irs.gov,335-257-2701
Towny,Thow,tthow6s@yahoo.com,639-869-9409
Mallory,Garman,mgarman6t@berkeley.edu,502-605-8317
Wolfie,Dorn,wdorn6u@163.com,863-915-9287
Jacklyn,O'Henery,johenery6v@google.cn,337-154-1196
Darrell,Lambrick,dlambrick6w@scribd.com,936-409-8571
Jerri,Redmile,jredmile6x@dmoz.org,325-273-3517
Delbert,Frift,dfrift6y@upenn.edu,874-629-2597
Tate,Chandler,tchandler6z@angelfire.com,338-737-6293
Josias,Dragoe,jdragoe70@amazon.com,136-765-4464
Louella,Pannaman,,
Ibbie,Readshaw,ireadshaw72@msu.edu,367-534-9199
Kania,Miquelet,kmiquelet73@rediff.com,315-724-4255
Gard,Forton,gforton74@bluehost.com,121-429-4451
Burl,Stoke,,
Quintilla,Lowdwell,qlowdwell76@i2i.jp,356-964-1480
Graig,Luckin,gluckin77@lulu.com,575-850-3191
Faber,Peskett,fpeskett78@ifeng.com,183-378-4855
Clarinda,Mitie,cmitie79@hhs.gov,729-556-7157
Leanora,Bartlosz,lbartlosz7a@bing.com,848-800-8657
Olivie,Edworthie,oedworthie7b@amazon.com,217-352-2649
Gayla,Clubley,gclubley7c@seesaa.net,498-889-9582
Brittan,Matei,bmatei7d@nhs.uk,452-254-3844
Alecia,Olman,aolman7e@tinyurl.com,649-608-3307
Daune,Breyt,dbreyt7f@wikimedia.org,489-418-5515
Shayla,Biesty,sbiesty7g@google.ru,684-771-3087
Shellie,Yoxall,syoxall7h@wikispaces.com,422-952-9802
Dulciana,Shiels,dshiels7i@wp.com,644-765-8892
Rodolphe,Di Franceshci,rdifranceshci7j@census.gov,955-968-7031
Ami,Bursnall,,
Shay,Aiton,saiton7l@about.com,622-840-4050
Harbert,Emanueli,hemanueli7m@wikia.com,215-267-5373
Selina,Hurlston,shurlston7n@cdbaby.com,176-454-9631
Iolanthe,Widdop,,
Tito,Cahani,tcahani7p@bbb.org,234-370-5975
Edwin,Wathell,ewathell7q@jiathis.com,859-331-3784
Lacie,Dran,ldran7r@illinois.edu,856-803-0386
Danya,Deaville,,
Aguistin,Oulet,aoulet7t@simplemachines.org,962-104-4761
Lenna,Bahia,lbahia7u@dropbox.com,877-985-5851
Kerstin,Bertolin,kbertolin7v@weather.com,595-484-0808
Roscoe,Dallimare,rdallimare7w@freewebs.com,554-402-0218
Carlin,Frise,cfrise7x@vkontakte.ru,559-500-9906
Noemi,Petit,npetit7y@nps.gov,489-846-8096
Petrina,Wodeland,pwodeland7z@opensource.org,909-276-2840
Kirsti,Fallen,kfallen80@dmoz.org,658-980-6870
Ricki,Solleme,rsolleme81@nationalgeographic.com,377-720-7032
Osbourn,Swinburn,oswinburn82@jugem.jp,128-293-9623
Edlin,Bleier,ebleier83@woothemes.com,859-936-5022
Hulda,Evetts,hevetts84@scientificamerican.com,848-214-0753
Grenville,Levins,glevins85@umich.edu,194-729-2772
Tani,Claye,tclaye86@booking.com,269-600-0128
Vlad,Lomen,vlomen87@hubpages.com,721-349-5209
Angil,Almeida,,
Alis,Clarae,aclarae89@businessinsider.com,493-713-3771
Barton,Ramel,bramel8a@princeton.edu,384-369-3574
Demetris,Jeeves,djeeves8b@list-manage.com,739-725-6999
Ora,Ayllett,oayllett8c@jigsy.com,389-943-4511
Padraic,Simko,,
Corabella,Stranahan,,
Morgun,Oddy,moddy8f@fotki.com,620-254-5507
Garey,Cattermole,,
Zilvia,Yesichev,zyesichev8h@wp.com,645-948-4763
Vivian,Baldick,vbaldick8i@techcrunch.com,650-868-5268
Thornton,Largan,,
Rabbi,Carrick,rcarrick8k@webnode.com,643-176-1289
Tarrance,Warmington,twarmington8l@wikipedia.org,780-966-0887
Julianna,Jelk,jjelk8m@cargocollective.com,438-148-9849
Eve,Ramelot,eramelot8n@jugem.jp,590-705-4854
Billie,Vondrach,bvondrach8o@economist.com,873-394-4693
Blair,Van Zon,bvanzon8p@si.edu,328-835-4271
Walden,Scurman,wscurman8q@vk.com,838-105-5723
Eldon,Peachman,epeachman8r@ted.com,392-597-0375
Dennison,Greystock,dgreystock8s@blogspot.com,342-363-2431
Shelbi,Strain,sstrain8t@clickbank.net,293-195-3478
Cordell,Truscott,ctruscott8u@adobe.com,504-554-4588
Brittne,Forestel,bforestel8v@discovery.com,479-260-8521
Phillipe,Primo,pprimo8w@phpbb.com,559-499-7810
Bronny,Tidmarsh,btidmarsh8x@163.com,689-563-8376
Johanna,Polson,jpolson8y@rakuten.co.jp,175-814-0517
Babs,Desmond,,
Isador,Syddie,isyddie90@pcworld.com,929-271-9458
Anthea,Ramsier,,
Flss,McKibben,fmckibben92@intel.com,564-901-6631
Alie,Stonuary,,
Benedikt,Clawe,bclawe94@engadget.com,797-168-8586
Vevay,Caudell,,
Ham,Mallen,hmallen96@google.de,744-965-4024
Wyndham,Highnam,whighnam97@slate.com,709-127-0965
Kyle,McDugal,kmcdugal98@phpbb.com,663-813-7328
Faina,Bamsey,fbamsey99@acquirethisname.com,226-682-5384
Cybil,Lorrain,clorrain9a@microsoft.com,697-890-7532
Edik,De Francisci,edefrancisci9b@npr.org,753-449-3799
Novelia,Gallant,ngallant9c@europa.eu,532-875-2021
Dynah,Viggers,dviggers9d@quantcast.com,486-304-8591
Batholomew,Shaplin,bshaplin9e@a8.net,661-277-4281
Lenee,Tobias,ltobias9f@github.io,168-604-9311
Kelcey,Ferrulli,kferrulli9g@theguardian.com,477-668-4457
Janos,Vallens,jvallens9h@reverbnation.com,107-581-5465
Loleta,Borg,lborg9i@mapy.cz,641-905-9208
Cori,Teal,cteal9j@plala.or.jp,368-719-9143
Tudor,Crose,tcrose9k@wikia.com,939-205-0390
Siffre,Cheales,scheales9l@hugedomains.com,591-678-3072
Waverley,Tuffrey,wtuffrey9m@ebay.co.uk,602-604-1750
Lil,Fairest,lfairest9n@un.org,102-309-4546
Jeanine,Denziloe,jdenziloe9o@wunderground.com,276-164-9631
Sherm,Aves,saves9p@globo.com,677-713-0995
Bertie,Cattenach,,
Diane,Blagdon,dblagdon9r@phpbb.com,942-417-5711
Hyacinthia,Skirling,,
Melisenda,Tremollet,mtremollet9t@google.com,493-259-0321
Beitris,Earles,bearles9u@dailymail.co.uk,302-760-4910
Jobi,Howgego,jhowgego9v@creativecommons.org,207-141-3452
Lucho,Haddrill,lhaddrill9w@jimdo.com,754-813-6972
Dulcinea,Rudham,,
Obadiah,Hew,ohew9y@dell.com,662-670-1518
Noellyn,Zanazzi,nzanazzi9z@pinterest.com,582-894-8947
Bibby,De'Ath,bdeatha0@adobe.com,386-118-9178
Frederic,Summerton,fsummertona1@bizjournals.com,564-818-4986
Isidoro,Vezey,ivezeya2@alexa.com,691-277-2265
Jerry,Sculley,jsculleya3@soup.io,286-583-7270
Herta,Stanton,hstantona4@google.com.br,493-827-3410
Kirby,Marusyak,kmarusyaka5@ycombinator.com,516-718-7719
Kelley,Gonning,kgonninga6@mapy.cz,337-827-1342
Tiebout,Lailey,tlaileya7@cbsnews.com,350-486-0895
Claudina,Zimek,czimeka8@chron.com,191-227-5439
Carmelina,Orviss,corvissa9@360.cn,322-193-1181
Dolly,Haskur,dhaskuraa@ycombinator.com,115-181-9066
Pinchas,Leyband,pleybandab@1688.com,357-290-6241
Doretta,Biddiss,dbiddissac@china.com.cn,173-807-4745
Vonni,Sullivan,vsullivanad@blogspot.com,495-451-7698
Ciel,Yarnton,,
Paola,Ritelli,pritelliaf@merriam-webster.com,726-407-9288
Codi,Sclater,,
Euell,Rennick,erennickah@nps.gov,664-744-8299
Griffith,D'Alesio,gdalesioai@arizona.edu,472-292-8137
Isidoro,Belasco,,
Darlene,Klulisek,dklulisekak@friendfeed.com,642-769-3193
Emmy,Polk,epolkal@arstechnica.com,542-507-6311
Marchall,Hollows,mhollowsam@ifeng.com,602-347-6038
Janeczka,Leynagh,jleynaghan@facebook.com,445-640-9693
Dud,Jiroutka,,
Eldredge,Phittiplace,ephittiplaceap@opera.com,775-958-7469
Bridget,Eadon,beadonaq@zimbio.com,137-872-6042
Berk,Adcock,,
Jeanelle,Frays,jfraysas@columbia.edu,549-286-4999
Athena,Letertre,aletertreat@typepad.com,978-370-1284
Fredelia,Kaasman,fkaasmanau@so-net.ne.jp,519-171-3923
Jacquie,Steel,,
Annelise,Blewett,ablewettaw@xing.com,422-785-7164
Clemmie,Upfold,cupfoldax@skype.com,144-535-4397
Corny,Horche,chorcheay@taobao.com,680-986-4969
Carroll,Nannizzi,cnannizziaz@facebook.com,800-455-3694
Isobel,Clutram,iclutramb0@moonfruit.com,675-378-1447
Bram,Gutherson,bguthersonb1@angelfire.com,482-924-7903
Gertrud,Bowlands,gbowlandsb2@discovery.com,846-944-3266
Loren,MacKeig,,
Ester,Goter,egoterb4@wiley.com,320-195-8902
Kaleena,Westgarth,kwestgarthb5@discuz.net,567-715-7204
Hedvig,Brittian,hbrittianb6@cargocollective.com,825-736-9841
Rozele,Tremayle,rtremayleb7@themeforest.net,376-842-5020
Jeane,Hembling,jhemblingb8@surveymonkey.com,408-723-8914
Marge,Romans,mromansb9@ifeng.com,745-962-9220
Quintus,Hanbury,qhanburyba@springer.com,607-490-7065
Grannie,Schlag,gschlagbb@sciencedirect.com,238-194-0299
Nanon,Gason,ngasonbc@house.gov,336-185-6189
Harriot,Hartburn,hhartburnbd@barnesandnoble.com,138-926-2896
Beatrisa,Simioli,bsimiolibe@scribd.com,934-397-1680
Gaultiero,Irvine,girvinebf@indiatimes.com,599-253-2206
Erasmus,Kyrkeman,ekyrkemanbg@cmu.edu,762-578-6729
Dorian,Peterkin,dpeterkinbh@economist.com,245-256-0025
Edlin,Bernhart,ebernhartbi@xinhuanet.com,633-173-8470
Barbra,Brisco,bbriscobj@meetup.com,815-109-8868
Didi,Crowther,dcrowtherbk@furl.net,536-187-3831
Marie-jeanne,Billing,mbillingbl@w3.org,566-294-9555
Linus,Doucette,ldoucettebm@aol.com,435-646-9789
Othilia,Keer,okeerbn@about.com,881-860-1192
Ringo,Rehorek,rrehorekbo@blogtalkradio.com,713-538-9610
Madlin,Lythgoe,mlythgoebp@symantec.com,185-550-1148
Padgett,Winsom,pwinsombq@ucsd.edu,130-356-3724
Nerissa,Cribbins,ncribbinsbr@stumbleupon.com,343-796-2715
Nanci,Northgraves,nnorthgravesbs@rediff.com,640-377-2613
Jacqui,Eldershaw,jeldershawbt@nba.com,347-713-0431
Lynsey,Frascone,,
D'arcy,Sutter,dsutterbv@msn.com,789-421-1288
Cristal,Browncey,cbrownceybw@redcross.org,656-574-7380
Shurlock,Mordecai,smordecaibx@oracle.com,206-382-0047
Ginelle,Beakes,gbeakesby@meetup.com,410-277-0241
Kiel,Winsor,kwinsorbz@deviantart.com,873-546-7861
Amalle,Blues,abluesc0@skype.com,775-564-5227
Paddy,Vousden,pvousdenc1@163.com,859-836-0805
Denys,Ashwin,dashwinc2@chronoengine.com,921-318-9776
Virgil,Flello,vflelloc3@tumblr.com,726-526-3312
Jobi,Reditt,jredittc4@nytimes.com,670-702-0208
De witt,Drife,ddrifec5@chicagotribune.com,459-930-8343
Teressa,Lagne,tlagnec6@google.pl,127-148-5386
Gualterio,Jaan,gjaanc7@vimeo.com,738-812-3090
Munmro,Toope,mtoopec8@apple.com,542-346-1557
Jeanine,Balston,,
Grethel,Fine,gfineca@rambler.ru,840-847-5271
Avery,Corps,acorpscb@newsvine.com,377-149-2602
Collin,Fuggle,cfugglecc@imdb.com,622-365-3289
Mel,Karpinski,mkarpinskicd@cnn.com,847-661-6479
Aubree,Lippiatt,alippiattce@free.fr,912-805-3606
Tabatha,Barg,tbargcf@vk.com,761-288-6303
Reuven,Orrill,,
Cherilynn,Bum,cbumch@loc.gov,994-190-8792
Marc,Conti,mcontici@hud.gov,653-809-3819
Carilyn,Antos,cantoscj@google.de,789-548-9261
Vita,Attewell,vattewellck@engadget.com,761-974-2124
Cash,Chasmer,cchasmercl@goo.ne.jp,339-745-0522
Sasha,Swetman,sswetmancm@discovery.com,380-939-6287
Angy,McCumesky,amccumeskycn@tripod.com,805-817-1978
Jacynth,Hepher,jhepherco@noaa.gov,283-745-3004
Zabrina,Iacovo,ziacovocp@paypal.com,457-783-8837
Joane,Randerson,jrandersoncq@gmpg.org,674-609-1300
Gherardo,Maleck,gmaleckcr@uol.com.br,426-440-8456
Micaela,Adds,,
Tad,Bonnesen,tbonnesenct@ovh.net,915-113-9143
Belinda,Napleton,bnapletoncu@wsj.com,808-381-6062
Ailyn,Waleworke,awaleworkecv@indiegogo.com,904-742-9362
Cordelie,Stothard,cstothardcw@technorati.com,681-386-4737
Casandra,Brogan,cbrogancx@tamu.edu,987-165-8223
Bradley,Friman,bfrimancy@aol.com,139-451-8088
Sheree,Colborn,scolborncz@furl.net,292-160-8812
John,Maria,jmariad0@intel.com,512-590-3559
Katie,June,kjuned1@weebly.com,575-171-3611
Meade,Danell,mdanelld2@tinypic.com,323-437-9681
Brandon,Lindermann,blindermannd3@theglobeandmail.com,800-531-6730
Levin,Pardey,lpardeyd4@cloudflare.com,394-291-0397
Wernher,Gordge,wgordged5@google.com.hk,619-366-7246
Carlynn,Krahl,ckrahld6@eepurl.com,516-561-4756
Truman,Tregent,,
Cobbie,Arsmith,carsmithd8@cpanel.net,318-335-6448
Hastie,Eltone,,
Nerte,Goodbar,ngoodbarda@mayoclinic.com,279-320-0999
Blondie,Matejic,bmatejicdb@example.com,523-824-6274
Cyrus,Tennewell,ctennewelldc@usgs.gov,713-258-8380
Kate,Hukin,khukindd@ning.com,406-657-7345
Liane,Withers,lwithersde@umich.edu,704-721-8082
Raddie,Jimson,rjimsondf@eepurl.com,181-455-4596
Quintin,Stoade,qstoadedg@paypal.com,955-240-8402
Alisa,Itzhaiek,aitzhaiekdh@arizona.edu,835-432-6659
Hazlett,Willcot,,
Ario,Highton,,
Baxy,Dufty,bduftydk@vk.com,524-317-8565
Mirabelle,Trevan,mtrevandl@va.gov,910-195-7093
Nate,Plaice,nplaicedm@live.com,609-280-1275
Laverna,Conyers,lconyersdn@jigsy.com,505-111-5693
Paco,Silcox,psilcoxdo@meetup.com,775-590-2545
Dedie,Odhams,,
Vinita,Tarply,vtarplydq@bloglovin.com,468-831-3277
Velma,Finlan,vfinlandr@springer.com,926-834-6562
Janis,Benesevich,jbenesevichds@oracle.com,343-735-8871
Haywood,Stede,hstededt@businessweek.com,104-349-7009
Tess,Pettit,tpettitdu@yellowbook.com,822-787-4748
Willy,Thies,wthiesdv@geocities.jp,864-338-5274
Mair,Pero,,
Wadsworth,Greedier,wgreedierdx@nytimes.com,251-387-9128
Frazer,Butting,fbuttingdy@thetimes.co.uk,443-820-0721
Barby,Bourchier,bbourchierdz@answers.com,981-664-8435
Kellia,Wegenen,kwegenene0@toplist.cz,674-755-7306
Uta,Mussett,umussette1@jalbum.net,197-505-1424
Neville,Mahy,nmahye2@salon.com,229-415-1368
Tybalt,Russi,trussie3@bing.com,445-976-5956
Oriana,Ferschke,oferschkee4@tmall.com,173-635-8726
Jan,Speddin,jspeddine5@sbwire.com,795-262-9859
Rowena,Story,rstorye6@vinaora.com,160-223-3854
Bellina,Lapre,blapree7@howstuffworks.com,232-593-6041
Adamo,Vasilyevski,avasilyevskie8@stumbleupon.com,642-385-3354
Patten,Warfield,pwarfielde9@geocities.jp,568-367-8674
Barbra,Reany,breanyea@ibm.com,961-193-2599
Edna,Kiffin,ekiffineb@nhs.uk,831-867-6438
Adaline,Blaisdale,ablaisdaleec@myspace.com,720-523-1790
Rachele,Lahive,rlahiveed@multiply.com,965-575-3446
Hakim,Tabbitt,htabbittee@pbs.org,739-489-7802
Pippo,Merida,pmeridaef@yahoo.com,643-368-1274
Gaye,Gauler,ggaulereg@networkadvertising.org,315-689-8452
Bobbee,Ravenhill,bravenhilleh@eepurl.com,934-923-9362
Sela,Ince,sinceei@opensource.org,134-210-8724
Ealasaid,Lamont,elamontej@chronoengine.com,317-926-4219
Dwain,Assiter,dassiterek@oracle.com,752-906-6115
Gavra,Limbourne,glimbourneel@blinklist.com,458-316-3129
Ashbey,Dederich,adederichem@bloglovin.com,236-726-1542
Maxwell,Base,mbaseen@deliciousdays.com,153-339-7264
Berty,Bootes,,
Marna,Swedeland,mswedelandep@tripadvisor.com,661-409-2887
Maritsa,Glacken,mglackeneq@addthis.com,407-800-2922
Charmain,Dulany,cdulanyer@yahoo.com,313-767-6140
Tracee,Stubbs,,
Carlina,Chetwin,cchetwinet@webmd.com,140-415-4210
Claudetta,Basant,cbasanteu@comcast.net,317-734-3016
Jorey,Klimshuk,jklimshukev@nationalgeographic.com,804-323-1294
Rafaello,Corden,rcordenew@quantcast.com,415-811-5877
Berry,Coneron,bconeronex@aboutads.info,468-649-5411
Farand,Hobben,fhobbeney@walmart.com,920-793-4421
Ami,Bremeyer,,
Pauly,Dinsell,pdinsellf0@psu.edu,956-403-1697
Eddy,Dewsbury,edewsburyf1@unc.edu,837-160-6560
Linda,Lewknor,llewknorf2@marketwatch.com,571-656-2324
Stephi,Bordman,sbordmanf3@wired.com,142-963-6689
Dalis,Rotchell,drotchellf4@buzzfeed.com,121-125-1368
Therine,Kleinfeld,tkleinfeldf5@macromedia.com,851-472-5901
Valli,Skeel,vskeelf6@hhs.gov,681-647-5241
Yuma,Benoi,ybenoif7@slate.com,873-273-6403
Michail,Tomkins,mtomkinsf8@gizmodo.com,138-937-1230
Roland,Weblin,,
Bennie,Bestwall,,
Shannah,Heeran,sheeranfb@businesswire.com,993-312-4541
Christie,Brager,cbragerfc@ucsd.edu,398-845-5436
Naomi,Spreull,,
Joyce,McIlmorie,jmcilmoriefe@wisc.edu,323-617-0230
Sharai,Ardern,sardernff@cbc.ca,672-322-9021
Sky,Reyner,sreynerfg@xrea.com,792-574-4516
Letitia,Enrich,lenrichfh@pcworld.com,509-406-4688
Ruddie,Apedaile,,
Sybila,Bend,sbendfj@over-blog.com,173-781-5985
Lutero,Hiscoe,lhiscoefk@bizjournals.com,232-842-7707
Randee,Matchett,rmatchettfl@go.com,747-256-1778
Kimmi,Ryott,kryottfm@ucsd.edu,705-576-4041
Eduino,Dudmarsh,edudmarshfn@exblog.jp,779-360-9306
Flint,Meeron,,
Katie,Masding,kmasdingfp@nationalgeographic.com,412-350-7700
Cos,Simcock,csimcockfq@yale.edu,113-428-3392
Broderic,Salaman,bsalamanfr@yellowbook.com,808-405-9174
Ertha,Giffon,egiffonfs@who.int,321-101-3064
Caryl,Pawelec,cpawelecft@twitter.com,755-375-4133
Carlynne,Buckam,cbuckamfu@hc360.com,334-891-6064
Marcello,Noulton,mnoultonfv@moonfruit.com,789-989-0466
Berkie,Bussens,bbussensfw@technorati.com,746-696-4997
Ephrayim,Lawley,elawleyfx@plala.or.jp,626-803-5433
Kare,McIlenna,kmcilennafy@slashdot.org,231-513-5621
Nadine,Annes,nannesfz@bravesites.com,787-692-8592
Elwira,Battabee,ebattabeeg0@si.edu,448-664-5890
Kellen,Daly,kdalyg1@huffingtonpost.com,394-666-1939
Starr,Engley,sengleyg2@addtoany.com,276-907-4185
Lulita,Crosdill,lcrosdillg3@elegantthemes.com,149-857-8328
Arturo,Cowthard,acowthardg4@netscape.com,918-888-4371
Dorey,Tomczak,dtomczakg5@usda.gov,971-280-6880
Averil,Lowen,aloweng6@spotify.com,718-526-5015
Fonz,Buggs,fbuggsg7@a8.net,345-188-0897
Case,O'Connolly,coconnollyg8@csmonitor.com,546-302-7177
Sam,Collison,scollisong9@livejournal.com,871-439-0417
Zacharie,Gallehawk,zgallehawkga@cargocollective.com,574-372-7828
Menard,Roskilly,mroskillygb@nba.com,783-104-0124
Marion,Mehaffey,mmehaffeygc@lulu.com,563-616-3974
Kass,Lacelett,,
Carmela,Lincoln,clincolnge@boston.com,877-977-6028
Giacinta,Greatreax,ggreatreaxgf@naver.com,788-910-2388
Arabella,Bloodworthe,abloodworthegg@gov.uk,775-254-9441
Cob,Tite,ctitegh@jugem.jp,794-227-7622
Prudy,Timmins,ptimminsgi@flickr.com,856-709-3215
Dix,Leving,dlevinggj@jimdo.com,245-936-8674
Archy,Blockley,ablockleygk@umich.edu,181-744-8264
Norry,Tamplin,ntamplingl@furl.net,970-912-6424
Ira,Earp,iearpgm@rakuten.co.jp,138-382-9380
Lora,Normansell,lnormansellgn@nhs.uk,295-474-6644
Fernande,Yuryshev,fyuryshevgo@netlog.com,871-150-9771
Ives,Ragg,iragggp@earthlink.net,908-199-2619
Donia,Kehir,,
Stephani,Larciere,slarcieregr@slideshare.net,727-222-2058
Sergio,Volett,svolettgs@weebly.com,257-456-2682
Fred,Bellworthy,fbellworthygt@webs.com,401-198-5298
Casper,Grandison,cgrandisongu@vkontakte.ru,243-691-9844
Cherianne,Bytheway,,
Jenifer,Hechlin,jhechlingw@fotki.com,780-365-5572
Marjorie,Cattellion,mcattelliongx@statcounter.com,907-998-1707
Kiri,Sawley,ksawleygy@ocn.ne.jp,743-455-8709
Hali,MacQuist,hmacquistgz@histats.com,471-739-9588
Sander,Fischer,sfischerh0@salon.com,764-572-1430
Donetta,Dungee,,
Katrine,Van der Brug,,
Linnet,Fieldstone,lfieldstoneh3@google.fr,569-365-1110
Tera,Sturges,tsturgesh4@tiny.cc,929-532-3776
Efren,Marlon,emarlonh5@macromedia.com,269-497-8863
Carri,Pyecroft,cpyecrofth6@ucoz.ru,999-601-7189
Madelaine,Nelius,mneliush7@noaa.gov,431-878-2372
Joycelin,Asals,jasalsh8@ucla.edu,447-291-1778
Tobie,Karp,tkarph9@narod.ru,756-131-4663
Dominik,Cardall,dcardallha@delicious.com,787-608-0834
Axe,De Biasi,adebiasihb@uiuc.edu,447-600-9122
Annice,Tomlett,atomletthc@github.io,218-762-9749
Francesco,Whittenbury,fwhittenburyhd@timesonline.co.uk,501-849-7861
Reinhard,Snawden,rsnawdenhe@spiegel.de,269-947-4540
Seumas,Leyrroyd,,
Chaunce,Pettingill,cpettingillhg@wsj.com,601-407-4771
Florinda,Baswall,fbaswallhh@hubpages.com,517-439-5805
Helene,Spacie,hspaciehi@baidu.com,234-285-8854
Venita,Rispin,,
Bertie,Thieme,bthiemehk@mapy.cz,526-243-3447
Waylen,Bride,wbridehl@usnews.com,756-573-5775
Lauree,Rounsivall,lrounsivallhm@soundcloud.com,964-678-0275
Ardenia,Cunrado,acunradohn@answers.com,657-276-7184
Laure,Haddinton,lhaddintonho@issuu.com,776-783-9253
Broderick,Ivanyukov,bivanyukovhp@msn.com,833-573-4154
Emalia,Redmell,eredmellhq@umich.edu,859-591-9625
Hendrick,Ainge,haingehr@apple.com,130-807-7668
Beck,Sturney,bsturneyhs@google.pl,549-165-5966
Bonny,Batterham,bbatterhamht@canalblog.com,777-437-8834
Cacilie,Grew,cgrewhu@flickr.com,634-875-4192
Mandie,Caskey,mcaskeyhv@dailymotion.com,394-183-0823
Scarlett,Witcomb,switcombhw@apache.org,423-307-2841
Frederico,Hydes,fhydeshx@blog.com,304-396-7316
Kerri,Januszkiewicz,kjanuszkiewiczhy@yandex.ru,961-982-9984
Shelden,Bampford,sbampfordhz@foxnews.com,996-902-8519
Antonetta,Coleborn,acoleborni0@samsung.com,795-226-5959
Marianna,Skelington,mskelingtoni1@behance.net,995-772-2987
Ario,Gillogley,agillogleyi2@reuters.com,710-655-1984
Putnam,Cansfield,pcansfieldi3@reuters.com,967-943-5128
Darci,Gaskal,dgaskali4@sina.com.cn,457-628-1392
Dolli,Smallbone,dsmallbonei5@nasa.gov,316-765-3421
Kitty,Altree,,
Tim,Reuven,treuveni7@hugedomains.com,661-505-3768
Karisa,Wheeldon,kwheeldoni8@myspace.com,348-892-9638
Tabby,Ginnety,tginnetyi9@digg.com,921-191-9905
Jojo,Bandy,jbandyia@un.org,958-833-5818
Jolyn,Kleeman,jkleemanib@un.org,320-254-9085
Lizabeth,Thunnercliffe,lthunnercliffeic@gov.uk,761-106-7250
Barny,Boater,,
Ingrim,Meader,imeaderie@jalbum.net,297-662-8230
Dylan,Crackel,dcrackelif@woothemes.com,650-400-1172
Rena,Goburn,rgoburnig@ovh.net,974-732-1576
Aurilia,MacCard,amaccardih@sbwire.com,692-131-5173
Alair,Humbles,ahumblesii@omniture.com,977-407-2745
Maryjane,Buzin,mbuzinij@cnn.com,157-362-9040
Boycey,Braniff,bbraniffik@nsw.gov.au,874-138-9367
Gilles,Riepel,griepelil@t.co,317-278-2191
Merry,Benito,mbenitoim@stumbleupon.com,842-435-0846
Karalynn,Skeeles,,
Tyrone,McElvogue,tmcelvogueio@bravesites.com,816-137-2801
Tobe,Spowart,tspowartip@cisco.com,948-159-1709
Addi,FitzAlan,afitzalaniq@discovery.com,782-866-5038
Elli,De Bruin,edebruinir@indiegogo.com,231-247-1823
Eugenie,Kochel,,
Ricky,Kerwin,rkerwinit@woothemes.com,226-588-4757
Vasili,Curuclis,vcuruclisiu@mail.ru,305-455-7954
Gerek,Ellerington,gelleringtoniv@blogspot.com,589-283-0547
Lynnet,Durban,ldurbaniw@mac.com,828-934-8796
Lotty,Pidgeley,lpidgeleyix@dmoz.org,986-656-9289
Charlene,Jahnke,cjahnkeiy@nbcnews.com,800-474-7113
Lily,Hewson,lhewsoniz@reddit.com,322-397-1056
Emery,Breed,ebreedj0@elegantthemes.com,340-692-8185
Tomasina,Antonietti,tantoniettij1@list-manage.com,484-404-1571
Horacio,Beceril,hbecerilj2@ning.com,360-627-5755
Zia,Gallelli,zgallellij3@alibaba.com,694-112-0884
Brewer,Roderick,broderickj4@oaic.gov.au,580-727-5616
Shepherd,Josefer,sjoseferj5@bandcamp.com,732-862-3151
Cherish,Noblet,,
Papagena,Shutler,pshutlerj7@answers.com,447-686-3190
Claiborne,Dingle,cdinglej8@slideshare.net,855-963-6228
Ashlan,Reyner,areynerj9@free.fr,598-427-9155
Grange,Limpricht,glimprichtja@cyberchimps.com,899-623-3948
Connor,Condy,ccondyjb@netlog.com,381-107-6322
Stephan,Pickhaver,spickhaverjc@usa.gov,614-379-3893
Lavinie,Aizikov,laizikovjd@meetup.com,389-274-3879
Carmita,Willimont,cwillimontje@is.gd,808-604-5387
Aldous,Winham,,
Rori,Sawley,rsawleyjg@facebook.com,461-969-6303
Geordie,Raun,graunjh@yahoo.com,957-926-1325
Maribeth,Lead,mleadji@psu.edu,515-862-0609
Milissent,Trownson,,
Mick,Karp,mkarpjk@newyorker.com,290-792-1103
Harriott,Tunnick,htunnickjl@icio.us,617-988-1989
Ambrosi,Hourihan,ahourihanjm@discovery.com,908-109-3424
Berny,Tenniswood,btenniswoodjn@icio.us,162-827-9613
Marsh,Cogley,mcogleyjo@time.com,668-674-2938
Delila,Riddle,driddlejp@canalblog.com,230-375-6248
Sigismundo,Sallinger,ssallingerjq@sciencedirect.com,186-882-7671
Cornie,Healeas,chealeasjr@cocolog-nifty.com,901-572-4164
Rutger,Basterfield,,
Klaus,Cammocke,kcammockejt@tuttocitta.it,342-697-4721
Normand,Doblin,ndoblinju@cnn.com,841-997-1923
Christabel,Welden,cweldenjv@last.fm,644-286-2906
Dorolisa,Laetham,,
Tamarah,Westmancoat,,
Marysa,Bugdale,mbugdalejy@mapquest.com,565-771-6408
Terrence,Gush,tgushjz@microsoft.com,104-438-2619
Marc,Hubbucke,mhubbuckek0@drupal.org,896-346-7235
Tarra,Mantrip,tmantripk1@discovery.com,952-378-7718
Hartley,Yukhnevich,hyukhnevichk2@whitehouse.gov,216-116-3503
Alvie,Cromb,,
Bernie,Handasyde,bhandasydek4@1und1.de,709-881-6361
Lynda,Steutly,lsteutlyk5@live.com,427-832-2057
Guilbert,Jaslem,gjaslemk6@scribd.com,477-831-4920
Vally,Ingley,,
Micah,Crallan,mcrallank8@t.co,343-369-2364
Quinta,Hambric,qhambrick9@omniture.com,681-853-3866
Kenton,Boman,kbomanka@google.es,622-340-9453
Perkin,Klass,pklasskb@elpais.com,342-128-3877
Mendel,Allenby,mallenbykc@ted.com,631-657-8135
Tamarah,Blaber,tblaberkd@java.com,594-878-5706
Cordie,Tomashov,ctomashovke@themeforest.net,314-530-7654
Benji,Grent,bgrentkf@wiley.com,634-572-6623
Hadleigh,Stainfield,hstainfieldkg@google.es,755-116-4074
Leah,Trussler,ltrusslerkh@woothemes.com,459-311-1220
Ethelred,Rowlatt,erowlattki@1und1.de,977-869-2648
Marcus,Wadie,mwadiekj@pinterest.com,340-333-9565
Remington,Bamblett,rbamblettkk@twitpic.com,451-248-6002
Gabey,Joice,gjoicekl@google.de,112-694-2831
Wenonah,Poone,wpoonekm@tripadvisor.com,349-267-0315
Sharyl,Heibel,sheibelkn@shutterfly.com,112-118-3433
Quintilla,Butchers,qbutchersko@utexas.edu,327-297-9023
Alfi,McGillreich,,
Rubi,Sanbroke,rsanbrokekq@berkeley.edu,478-989-0757
Nilson,Jandak,njandakkr@plala.or.jp,819-365-4604
Kessia,Redhole,kredholeks@answers.com,532-699-4511
Dick,Decayette,,
Sherye,Bettinson,sbettinsonku@icio.us,163-858-1758
Milissent,Kubalek,mkubalekkv@goodreads.com,435-213-0805
Efren,Cervantes,ecervanteskw@scribd.com,643-160-3421
Graig,Cordon,gcordonkx@state.tx.us,295-501-7832
Heinrik,Delacour,,
Sammy,Terram,,
Jammal,Linfoot,jlinfootl0@nifty.com,208-308-5388
Maisey,Luttger,mluttgerl1@dot.gov,740-611-7186
Yehudi,Battleson,,
Ula,Willey,,
Inge,Gauler,igaulerl4@mediafire.com,250-837-5536
Anabella,Rivalland,arivallandl5@multiply.com,780-307-8618
Elset,Baulk,ebaulkl6@miibeian.gov.cn,122-729-2555
Frazer,Korting,fkortingl7@princeton.edu,142-487-9778
Addy,Silverwood,asilverwoodl8@digg.com,968-709-0881
Dorey,East,deastl9@miibeian.gov.cn,978-799-1766
Mercie,Tortice,mtorticela@comsenz.com,678-831-1286
Weidar,Mallebone,wmallebonelb@flickr.com,974-157-7563
Korie,Fraanchyonok,kfraanchyonoklc@google.es,674-299-1230
Margareta,Lingfoot,,
Amalia,Joel,ajoelle@bravesites.com,668-932-0366
Ber,Drewry,bdrewrylf@ow.ly,574-548-2227
Kyle,Andriesse,kandriesselg@sphinn.com,961-307-5220
Pincus,Ambrogi,pambrogilh@army.mil,487-989-4786
Heywood,Tick,htickli@state.tx.us,586-703-0918
Farr,Lacelett,flacelettlj@deliciousdays.com,723-842-7599
Christian,Ryves,cryveslk@xrea.com,236-932-0136
Imelda,MacGown,imacgownll@sakura.ne.jp,238-708-9024
Jena,Detoile,jdetoilelm@spiegel.de,954-248-3668
Tania,Vevers,tveversln@ihg.com,694-584-2154
Tally,Cashin,tcashinlo@nytimes.com,993-960-2282
Arley,Kern,akernlp@unblog.fr,874-114-1688
Emalee,Bowser,ebowserlq@google.fr,515-595-6578
Lonnie,Boatswain,lboatswainlr@sphinn.com,969-154-5412
Jacinthe,Hagard,jhagardls@domainmarket.com,227-158-3682
Maryrose,McAtamney,mmcatamneylt@squidoo.com,981-190-8088
Farand,Smithers,,
Ula,Arundel,uarundellv@macromedia.com,812-646-7992
Marney,Bummfrey,mbummfreylw@mlb.com,514-434-5615
Julia,Rannells,jrannellslx@parallels.com,226-285-9259
Gillan,Senogles,gsenoglesly@archive.org,383-989-0840
Stacy,Vasyuchov,svasyuchovlz@msn.com,805-176-2722
Kennith,Amburgy,kamburgym0@pagesperso-orange.fr,144-432-6034
Aubrey,Kennon,akennonm1@msu.edu,702-467-0686
Reinald,Petrowsky,rpetrowskym2@eepurl.com,733-771-2209
Ronnie,Goldstein,rgoldsteinm3@google.nl,541-630-3020
Newton,Haskayne,nhaskaynem4@123-reg.co.uk,387-972-1825
Caleb,Fitchett,cfitchettm5@goodreads.com,970-384-5795
Burnaby,Skayman,bskaymanm6@cnbc.com,994-277-6860
Dalton,Denisevich,,
Lori,Foulkes,lfoulkesm8@scribd.com,108-876-0178
Stanley,Jenner,,
Clementina,Bambrugh,cbambrughma@netvibes.com,694-659-6918
Joyce,Niccolls,jniccollsmb@yolasite.com,564-335-0836
Kurt,Ratledge,kratledgemc@engadget.com,771-493-4343
Mufi,Popplewell,mpopplewellmd@naver.com,940-535-8203
Isabelita,Baudrey,ibaudreyme@drupal.org,731-277-4247
Darbie,Ventris,dventrismf@freewebs.com,549-724-6854
Kristin,Moran,kmoranmg@youku.com,463-468-3902
Tate,Harget,thargetmh@amazonaws.com,798-148-2403
Sibyl,Gareisr,sgareisrmi@weebly.com,800-233-8348
Pace,Chazelas,pchazelasmj@altervista.org,626-602-2898
Purcell,Scherme,pschermemk@google.nl,745-121-1650
Robbi,Manterfield,rmanterfieldml@moonfruit.com,568-960-4307
Edsel,Noblet,enobletmm@disqus.com,284-472-7541
Jessy,Purser,jpursermn@tripod.com,219-831-0263
Tomaso,Senechell,tsenechellmo@blinklist.com,412-493-9452
Jandy,Clotworthy,jclotworthymp@wiley.com,614-579-2769
Karine,Stockey,kstockeymq@prnewswire.com,608-897-2905
Fanechka,Gadson,fgadsonmr@alibaba.com,965-970-5291
Hilde,Dufour,,
Grete,Ferriman,gferrimanmt@fc2.com,991-780-3859
Consuelo,Hargess,chargessmu@samsung.com,598-481-2994
Nikaniki,Bagehot,nbagehotmv@alibaba.com,519-185-2891
Danny,Willets,dwilletsmw@comcast.net,810-257-3262
Paula,Kinsman,pkinsmanmx@artisteer.com,646-275-7917
Amil,Findlater,afindlatermy@ucoz.com,647-522-1807
Gayelord,Giacopazzi,ggiacopazzimz@google.nl,485-277-7075
Conrade,Philcox,cphilcoxn0@naver.com,193-964-0221
Veda,Zack,vzackn1@telegraph.co.uk,553-750-5044
Cecil,Yule,cyulen2@wix.com,297-618-4172
Eamon,Caddens,,
Bryce,Lattie,blattien4@163.com,894-133-9750
Bancroft,Bielefeld,bbielefeldn5@baidu.com,303-553-5467
Cornell,Jeanon,cjeanonn6@webs.com,826-799-1839
Mirelle,Rainford,mrainfordn7@vimeo.com,502-415-0665
Otis,Rawling,orawlingn8@biglobe.ne.jp,473-196-9254
Esme,Badland,ebadlandn9@nature.com,320-557-3936
Cyril,Rosa,,
Anatola,Campkin,acampkinnb@ovh.net,783-766-1682
Linnet,Batting,lbattingnc@furl.net,417-716-1708
Tiebout,Battany,tbattanynd@hubpages.com,306-266-7013
Benjamen,Devoy,,
Gabbey,Rubega,grubeganf@ning.com,469-523-6950
Anissa,Domanski,,
Arielle,Gerger,agergernh@delicious.com,702-671-8662
Pansie,Halsted,phalstedni@mlb.com,202-520-4442
Nessie,Gravenor,ngravenornj@stumbleupon.com,181-938-1484
Nani,Jennery,njennerynk@aboutads.info,700-761-4045
Thaddeus,Juggings,tjuggingsnl@msn.com,217-645-0414
Cynthia,Durrant,cdurrantnm@blogtalkradio.com,685-304-7977
Vick,Wakelam,vwakelamnn@chron.com,900-489-8848
Rey,Hatherell,rhatherellno@fotki.com,844-216-0275
Arne,Gillbee,agillbeenp@wp.com,168-335-0649
Adela,Lanchbury,alanchburynq@disqus.com,220-200-4691
Fielding,Coutts,fcouttsnr@paypal.com,478-497-2973
Blair,Kleinber,bkleinberns@altervista.org,567-933-4655
Cory,Edghinn,cedghinnnt@vimeo.com,693-476-5148
Coretta,Dougherty,cdoughertynu@cpanel.net,489-628-9480
Jewell,Orman,jormannv@washingtonpost.com,418-715-7324
Jacki,Kyttor,jkyttornw@archive.org,912-781-4614
Sydney,Lumm,slummnx@myspace.com,116-337-0816
Maryann,Mooney,mmooneyny@rambler.ru,266-556-9829
Erastus,Golda,egoldanz@fda.gov,191-317-8356
Emilia,Weavers,eweaverso0@prnewswire.com,840-351-8314
Earlie,Brittles,,
Aura,Stanyard,,
Haskel,Blaxland,hblaxlando3@google.fr,588-325-9668
Shauna,Jewer,sjewero4@examiner.com,984-114-9806
Almeta,Pattemore,apattemoreo5@pbs.org,377-195-0354
Bail,Devers,bdeverso6@home.pl,623-130-7445
Jo,Velde,jveldeo7@intel.com,333-403-4881
Dru,Brittle,dbrittleo8@dagondesign.com,936-950-5869
Dall,Farney,dfarneyo9@360.cn,141-507-5675
Brnaby,Drache,bdracheoa@cbsnews.com,626-684-5948
Giselbert,Thomassin,gthomassinob@yelp.com,291-326-7934
Danie,Bothram,,
Ortensia,Wolvey,owolveyod@mapquest.com,370-883-2744
Foster,Finder,ffinderoe@census.gov,213-610-9305
Lyda,Rowena,lrowenaof@oaic.gov.au,421-620-4150
Raymund,Hector,rhectorog@nbcnews.com,785-564-4978
Ronni,Poll,rpolloh@fema.gov,128-814-6920
Bebe,Pridden,bpriddenoi@amazon.de,840-755-7375
Elianore,Turpie,,
Emili,Kolodziej,ekolodziejok@dagondesign.com,558-441-6191
Nickie,Tibald,ntibaldol@reference.com,665-220-8841
Jocko,McPhilip,jmcphilipom@yelp.com,138-697-9026
Aguie,Comino,,
Dena,Curnnokk,dcurnnokkoo@nsw.gov.au,789-539-7838
Duane,Klug,dklugop@360.cn,275-414-5747
Grannie,Ribou,,
Vicky,Guido,vguidoor@time.com,662-520-2612
Shelly,Smitherham,ssmitherhamos@multiply.com,860-872-5250
Salomo,Ritchman,sritchmanot@gnu.org,152-467-7745
Colas,Chessill,,
Hirsch,Tabert,htabertov@businessweek.com,604-499-7281
Sidney,Lecointe,slecointeow@psu.edu,653-860-0128
Annmarie,Epperson,aeppersonox@exblog.jp,542-582-5632
Thomasine,Josskovitz,tjosskovitzoy@europa.eu,748-740-6739
Bethina,Turnpenny,bturnpennyoz@feedburner.com,471-340-9986
Ariel,Satterlee,asatterleep0@geocities.com,877-367-1776
Raviv,Vuitton,rvuittonp1@skyrock.com,628-651-3159
Jodi,Harper,jharperp2@whitehouse.gov,737-831-0003
Saul,Boog,sboogp3@wiley.com,665-575-9920
Eldon,Pieroni,epieronip4@chicagotribune.com,318-597-1815
Weston,Fautly,wfautlyp5@adobe.com,827-469-4650
Jasper,Canham,jcanhamp6@dropbox.com,623-471-8849
See,Olerenshaw,solerenshawp7@cdc.gov,242-521-2383
Casar,McCrillis,cmccrillisp8@paginegialle.it,925-742-9530
Gussy,Kydde,gkyddep9@craigslist.org,111-729-8287
Aldin,Gobeau,agobeaupa@nih.gov,858-134-6326
Alie,Boylin,aboylinpb@friendfeed.com,791-706-1619
Kipp,Itzcak,kitzcakpc@msu.edu,798-332-6995
Vitoria,Johanning,vjohanningpd@abc.net.au,615-600-7438
Dillon,Rodda,,
Martguerita,Guyonneau,mguyonneaupf@google.cn,719-859-6399
Olly,Looby,oloobypg@weebly.com,957-320-6811
Eduard,Pashbee,epashbeeph@goodreads.com,285-758-4106
Greer,Patis,,
Goddard,Siddele,gsiddelepj@xing.com,922-280-4832
Bourke,Hallgate,bhallgatepk@psu.edu,535-552-9132
Faythe,Ashelford,fashelfordpl@reference.com,881-427-0583
Washington,Lannin,wlanninpm@gizmodo.com,735-185-6528
Kimberlyn,Lockart,klockartpn@yolasite.com,391-380-0504
Goldarina,Rosita,grositapo@china.com.cn,379-921-4672
Kain,Mattam,kmattampp@photobucket.com,134-583-6404
Ruthi,Groundwator,rgroundwatorpq@dion.ne.jp,189-844-9306
Susan,Carslake,scarslakepr@pcworld.com,313-146-4908
Damara,Lunt,dluntps@booking.com,498-965-1037
Renado,Piotrowski,,
Jammie,Moncreiffe,jmoncreiffepu@purevolume.com,799-884-8374
Ado,Hynd,ahyndpv@indiegogo.com,684-776-5291
Magdaia,Harvatt,mharvattpw@walmart.com,315-828-4528
Shana,Parmeter,sparmeterpx@slideshare.net,183-599-9761
Margarette,Rapinett,mrapinettpy@ucla.edu,890-325-5559
Egbert,Iacovielli,eiacoviellipz@google.co.uk,654-953-1202
Farrah,Phinnis,fphinnisq0@barnesandnoble.com,401-304-9210
Prentice,Kemmey,pkemmeyq1@youku.com,746-116-2665
Nealson,Lionel,nlionelq2@craigslist.org,134-277-4850
Andra,Junkinson,ajunkinsonq3@usatoday.com,952-716-8464
Onida,McDirmid,omcdirmidq4@cargocollective.com,168-382-8123
Ainslee,Persian,,
Kizzee,Aleksich,,
Addie,Pennyman,apennymanq7@edublogs.org,958-465-9150
Hilary,Bartholin,hbartholinq8@comsenz.com,173-961-7866
Teri,Gabites,tgabitesq9@phpbb.com,460-920-7896
Jedediah,Scirman,jscirmanqa@webnode.com,445-157-6238
Milka,Meiner,mmeinerqb@mashable.com,315-937-1696
Jackqueline,Dincke,jdinckeqc@arizona.edu,233-163-1344
Perri,Mantione,pmantioneqd@businessweek.com,235-365-5769
Julee,Camies,jcamiesqe@reverbnation.com,354-991-6339
Obadias,Croneen,ocroneenqf@irs.gov,356-884-2975
Emmeline,O'Hoey,eohoeyqg@1688.com,855-406-9175
Bastian,Elan,belanqh@earthlink.net,389-717-1549
Kristina,Petasch,kpetaschqi@comsenz.com,988-446-8815
Zondra,Worsnop,zworsnopqj@ed.gov,529-604-7867
Nev,Bernardoux,nbernardouxqk@adobe.com,473-557-0739
Jeri,Guerre,jguerreql@time.com,290-367-7893
Boris,Keighley,bkeighleyqm@booking.com,699-359-7094
Cornelia,Trevillion,ctrevillionqn@joomla.org,431-225-9112
Brook,Yarn,byarnqo@shinystat.com,483-164-1502
Mureil,Cornewell,,
Marietta,Thynn,,
Dorelia,Auguste,daugusteqr@privacy.gov.au,350-552-8887
Kristofor,Ivashnyov,kivashnyovqs@prlog.org,457-624-2427
Lamond,Barhims,lbarhimsqt@scribd.com,775-439-2186
Lizette,Saltman,lsaltmanqu@ask.com,317-253-2189
Jason,Strase,jstraseqv@zimbio.com,604-644-3995
Lars,Pickup,,
Del,Cogan,dcoganqx@pagesperso-orange.fr,215-999-2742
Lotta,Beglin,,
Eustacia,Narracott,enarracottqz@amazon.de,733-630-8741
Orton,McGuigan,omcguiganr0@google.com.hk,181-940-1802
Fayth,Lufkin,flufkinr1@go.com,238-493-4285
Erminia,Kingsbury,ekingsburyr2@state.tx.us,911-104-3449
Hildagarde,Simo,hsimor3@google.fr,575-295-2202
Gaven,Lidgey,glidgeyr4@reddit.com,574-908-8172
Bradney,Driffe,bdriffer5@blogs.com,970-658-0375
Cesya,Aughtie,caughtier6@vinaora.com,400-776-0872
Casandra,Anlay,canlayr7@berkeley.edu,368-883-2188
Cornie,Cadney,ccadneyr8@lulu.com,282-618-6724
Warden,Wenman,wwenmanr9@google.com.hk,368-472-4372
Lida,Zini,lzinira@ustream.tv,545-992-1440
Silvano,Stronack,sstronackrb@mlb.com,328-919-2193
Libbey,Morcombe,lmorcomberc@paginegialle.it,232-408-1298
Jenda,Monketon,jmonketonrd@reference.com,325-443-0047
Maynard,Mesnard,mmesnardre@mashable.com,163-782-6378
Evan,Gertray,,
Harwilll,Chill,hchillrg@nsw.gov.au,602-661-8922
Bobbi,Olenin,boleninrh@hibu.com,649-872-8906
Leigha,Aberdein,laberdeinri@paypal.com,325-370-9784
Mab,Crolla,mcrollarj@parallels.com,838-645-0204
Truman,Nieass,tnieassrk@tumblr.com,925-673-0859
Raynell,Johnston,rjohnstonrl@dagondesign.com,832-517-5012
Hugh,Arbuckle,,
Roi,Earry,rearryrn@huffingtonpost.com,829-222-7765
Adrianne,Guisot,aguisotro@alexa.com,603-131-0012
Aggi,Cristoforetti,acristoforettirp@canalblog.com,717-182-6040
Glenn,Tuvey,gtuveyrq@stanford.edu,522-267-1970
Isidro,Ellis,iellisrr@nbcnews.com,101-646-6483
Verna,Barrows,vbarrows0@typepad.com,955-988-7007
Kirstin,Boffin,kboffin1@wunderground.com,254-672-4238
Carlota,O' Donohoe,codonohoe2@wired.com,499-976-4709
Talya,Kynforth,tkynforth3@fda.gov,132-640-1663
Katina,Vearnals,kvearnals4@surveymonkey.com,658-989-2234
Ginevra,Borrett,gborrett5@addtoany.com,180-229-2838
Rex,Kennefick,,
Bram,Valentim,bvalentim7@imdb.com,253-203-2082
Sascha,Reignolds,sreignolds8@sciencedaily.com,638-960-4176
Ulberto,Slora,,
Raina,Lewsey,,
Patty,Peskett,ppeskettb@bbb.org,772-594-1792
Blinni,Phateplace,bphateplacec@amazon.com,255-185-1775
Archy,Glancey,aglanceyd@paginegialle.it,696-419-9444
Lishe,Dew,ldewe@liveinternet.ru,218-942-0393
Cammy,Cooley,ccooleyf@google.com.au,698-562-2079
Corrina,Ludovici,cludovicig@opensource.org,365-918-1293
Boniface,Fierman,bfiermanh@tmall.com,364-102-1468
Leonhard,Kirk,lkirki@seattletimes.com,306-449-3403
Ulberto,Smaling,usmalingj@list-manage.com,784-140-3476
Teddy,Daborne,tdabornek@cbc.ca,112-986-0044
Iain,Benton,ibentonl@freewebs.com,721-261-5692
Latrina,Benesevich,lbenesevichm@youtu.be,748-906-6787
Donny,Stockey,dstockeyn@google.com.au,808-408-2564
Sada,Riehm,sriehmo@squidoo.com,419-830-0465
Ellswerth,Buzzing,,
Bevin,Latus,,
Rancell,Marunchak,rmarunchakr@mac.com,143-788-5003
Clemmy,Ohanessian,cohanessians@jimdo.com,562-748-9190
Corbin,Hargraves,chargravest@cpanel.net,652-365-1116
Jay,Gallardo,jgallardou@slideshare.net,355-743-3522
Petey,McGeouch,,
Jared,Inder,jinderw@comsenz.com,463-426-2000
Rebeca,Greatreax,rgreatreaxx@japanpost.jp,828-745-7043
Gabriell,Tierny,gtiernyy@qq.com,279-433-7541
Adrian,Formoy,aformoyz@nba.com,134-480-9857
Merwin,Jumel,mjumel10@ow.ly,717-126-5571
Esta,Casterton,ecasterton11@cnet.com,695-884-3417
Imogene,Jaulme,ijaulme12@narod.ru,128-521-9334
Nichole,Wanstall,nwanstall13@furl.net,634-224-8718
Lanni,Suart,lsuart14@ftc.gov,499-595-8305
Norene,Perfitt,nperfitt15@aboutads.info,648-318-4756
Debora,Hammatt,dhammatt16@pagesperso-orange.fr,760-807-9784
Ewart,Stain,estain17@list-manage.com,892-453-4203
Lucky,Lambertazzi,llambertazzi18@cbc.ca,750-738-9514
Montague,Kealey,mkealey19@shutterfly.com,890-681-0252
Hally,Daish,hdaish1a@nps.gov,718-737-4333
Randee,Ropcke,rropcke1b@trellian.com,429-921-9257
Barty,Fletcher,,
Ronni,Presswell,rpresswell1d@walmart.com,878-144-7185
Annabal,Betser,abetser1e@digg.com,724-558-7161
Demetri,Giacopetti,dgiacopetti1f@istockphoto.com,913-659-2911
Harriott,Reynold,hreynold1g@ask.com,305-655-8432
Pooh,Brotheridge,,
Edyth,Longworthy,,
Wendel,Heinemann,wheinemann1j@t-online.de,842-900-7889
Duky,Benet,dbenet1k@geocities.jp,313-874-1050
Irv,Finlay,ifinlay1l@digg.com,475-497-8592
Vallie,Shotboult,vshotboult1m@princeton.edu,512-578-5309
Alysia,Aldham,aaldham1n@histats.com,129-233-0625
Stinky,Morman,smorman1o@odnoklassniki.ru,266-414-9226
Lela,Ivermee,livermee1p@topsy.com,636-479-3154
Myer,Cudbird,mcudbird1q@1688.com,134-976-0531
Megan,Zanetti,mzanetti1r@umich.edu,956-529-1222
Radcliffe,Hoogendorp,rhoogendorp1s@wp.com,739-459-9586
Valdemar,Jochanany,vjochanany1t@admin.ch,514-747-7070
Filberte,Ketteringham,fketteringham1u@ow.ly,759-665-3348
Boonie,Marzelo,bmarzelo1v@cnn.com,810-606-0556
Gilles,Stiggles,,
Nolie,Rany,nrany1x@vistaprint.com,202-800-8603
Em,Wingate,,
Bertram,Stockoe,bstockoe1z@ow.ly,802-596-7223
Felicity,Dyhouse,fdyhouse20@discuz.net,592-816-6677
Yasmeen,Skerrett,yskerrett21@quantcast.com,274-409-9454
Pedro,Leverich,,
Fara,Probey,fprobey23@epa.gov,597-339-7667
Barbabas,Hew,bhew24@friendfeed.com,295-933-2529
Kameko,Beazey,kbeazey25@illinois.edu,157-605-4104
Ettie,Tanby,etanby26@last.fm,649-964-5365
Rockey,Carragher,rcarragher27@squidoo.com,705-539-2275
Solomon,Klimowski,sklimowski28@unblog.fr,609-371-8074
Major,Apps,mapps29@behance.net,590-800-4675
Eda,Longshaw,elongshaw2a@cnet.com,459-198-8651
Merle,Youdell,myoudell2b@patch.com,362-832-2428
Daisy,Tarzey,,
Mariquilla,Kelcey,mkelcey2d@shop-pro.jp,226-366-5741
Tawnya,Shingfield,tshingfield2e@dot.gov,890-720-6942
Orazio,Sedger,osedger2f@livejournal.com,353-387-4093
Jeremy,McCreery,jmccreery2g@plala.or.jp,994-949-2788
Garner,Cornbill,gcornbill2h@about.me,409-738-5460
Thor,Langrick,tlangrick2i@ameblo.jp,416-907-7826
Tarrah,Tunno,ttunno2j@businessinsider.com,234-701-9192
Deena,Faucherand,,
Huntington,Karchewski,hkarchewski2l@china.com.cn,901-900-5712
Kaitlin,Dallison,kdallison2m@spotify.com,601-874-8848
Georges,Spare,,
Mauricio,Storry,mstorry2o@prlog.org,120-429-3019
Ives,Bigham,ibigham2p@mediafire.com,265-746-7491
Fayette,Waddilove,fwaddilove2q@google.de,450-563-8034
Quintin,Parkhouse,,
Carlo,Ronaldson,cronaldson2s@miitbeian.gov.cn,942-377-4963
Lorinda,Bercevelo,,
Emmalyn,Bermingham,ebermingham2u@networkadvertising.org,183-219-7234
Pip,Pape,,
Culver,Ochterlony,,
Reyna,Sogg,rsogg2x@ted.com,820-909-7533
Noelyn,Tinline,ntinline2y@bbb.org,639-222-0610
Dwight,Arnson,darnson2z@gov.uk,208-705-4626
Livvy,Rivelon,lrivelon30@ning.com,163-688-0600
Anabella,Bovaird,,
Valentina,Pring,vpring32@amazon.co.uk,246-545-1412
Pepe,Linnitt,plinnitt33@loc.gov,723-378-5098
Essie,Gittose,,
Nedda,Schooling,nschooling35@alexa.com,306-130-1707
Dorolice,Abthorpe,dabthorpe36@narod.ru,983-468-6186
Stevie,Gadson,sgadson37@deliciousdays.com,503-706-5052
Bil,Blackie,bblackie38@wufoo.com,370-452-3805
Paige,McMarquis,pmcmarquis39@alibaba.com,980-300-8822
Jon,Cotterill,jcotterill3a@blogger.com,731-121-8719
Arlette,Prys,aprys3b@gmpg.org,210-408-7481
Goldina,Verdey,gverdey3c@ehow.com,182-396-5140
Hall,Lenox,hlenox3d@biglobe.ne.jp,525-566-6552
Felipa,Founds,ffounds3e@paginegialle.it,279-441-3056
Dawn,Philipp,dphilipp3f@technorati.com,880-723-8314
Bendix,Lemmertz,,
Lanna,Runnicles,lrunnicles3h@businessweek.com,918-176-6818
Gertrudis,Barttrum,gbarttrum3i@businessinsider.com,744-812-4531
Heloise,Whitemarsh,hwhitemarsh3j@timesonline.co.uk,621-771-9171
Barbara,Crutchfield,bcrutchfield3k@mapquest.com,582-306-9719
Hermy,Dullaghan,hdullaghan3l@ucla.edu,741-680-5220
Rutter,Jeanequin,rjeanequin3m@prweb.com,676-361-3775
Marley,Ellaway,mellaway3n@tiny.cc,791-778-8021
Geneva,McGrath,gmcgrath3o@printfriendly.com,368-358-0591
Elisabet,Ambroziak,eambroziak3p@cnet.com,511-313-7210
Ewell,Grier,egrier3q@redcross.org,402-147-2324
Merry,Normanvell,mnormanvell3r@hostgator.com,648-850-8707
Gabie,Lanceter,glanceter3s@sfgate.com,561-650-9725
Sollie,Sicily,ssicily3t@jimdo.com,129-887-3851
Adolphus,Lehr,alehr3u@chronoengine.com,801-498-4172
Haily,Davie,hdavie3v@weather.com,686-519-3182
Car,Zipsell,czipsell3w@nbcnews.com,701-885-1191
Farand,Daye,fdaye3x@wiley.com,394-398-1593
Cleveland,Tupper,ctupper3y@studiopress.com,594-352-8720
Alayne,Jovicic,,
Jedd,Dowse,,
Yvor,Jacobsson,yjacobsson41@diigo.com,938-216-1870
Alethea,Dear,adear42@timesonline.co.uk,833-145-9935
Vito,Oxlee,voxlee43@parallels.com,860-111-3608
Saxe,Wasiela,swasiela44@youtu.be,510-609-1521
Glendon,Phillp,,
Agnola,McKilroe,amckilroe46@privacy.gov.au,823-276-5393
Celinka,Sibery,,
Robbert,Crockley,rcrockley48@gizmodo.com,501-330-6738
Verge,Hulls,vhulls49@earthlink.net,387-250-0715
Georgina,Dorcey,,
Maudie,MacTrustrie,mmactrustrie4b@china.com.cn,244-781-9271
Caryl,Heake,cheake4c@aboutads.info,669-340-9419
Tamar,Cattlow,tcattlow4d@1688.com,801-638-6084
Kinsley,Boshier,kboshier4e@hhs.gov,294-672-0091
Dre,Oldcroft,doldcroft4f@accuweather.com,225-440-7473
Den,Hauck,dhauck4g@sciencedaily.com,727-858-0213
Kristi,Garrard,kgarrard4h@booking.com,507-391-5134
Sybila,De Vries,sdevries4i@nps.gov,739-920-2027
Jaquelyn,Jeanesson,jjeanesson4j@google.fr,375-523-8167
Augustine,Feben,afeben4k@a8.net,547-802-3854
Vanna,MacDonogh,vmacdonogh4l@house.gov,282-333-6605
Kristan,Renowden,krenowden4m@canalblog.com,134-156-9144
Gunner,Wandrich,gwandrich4n@hatena.ne.jp,960-141-1713
Dicky,Frame,dframe4o@google.fr,566-211-7254
Ertha,Sieb,esieb4p@usa.gov,955-240-5468
Vivie,Teale,vteale4q@goo.ne.jp,611-624-2696
Evan,Vaney,,
Clarisse,Fatharly,cfatharly4s@soundcloud.com,568-700-3860
Tessy,Cockrill,tcockrill4t@about.me,415-121-5501
Hedda,Newbigging,hnewbigging4u@state.gov,489-435-6906
Sheppard,Kun,skun4v@wired.com,547-905-1193
Reginauld,Montier,rmontier4w@mtv.com,153-566-9319
Benjamen,Growden,bgrowden4x@dropbox.com,238-104-5390
Emmalynn,Treslove,etreslove4y@cpanel.net,667-684-6236
Cully,Boyfield,cboyfield4z@eventbrite.com,170-570-0527
Oberon,MacSwayde,omacswayde50@infoseek.co.jp,928-250-7049
Quincey,Churm,qchurm51@cocolog-nifty.com,681-247-1737
Rozalie,Stanluck,rstanluck52@wordpress.com,516-257-1615
Anette,Isac,aisac53@tuttocitta.it,129-785-0402
Maryrose,Franke,mfranke54@wikia.com,934-819-0296
Berni,Bilovus,bbilovus55@nymag.com,270-615-8433
Malcolm,Lushey,mlushey56@cdbaby.com,697-859-0015
Christabella,Greenleaf,,
Davita,Roizin,droizin58@pbs.org,189-766-1958
Benoit,Cranch,bcranch59@mapy.cz,737-402-1305
Cayla,MacHostie,cmachostie5a@nbcnews.com,306-233-2863
Magnum,Linke,,
Viviene,MacCaghan,,
Glori,Cominoli,gcominoli5d@diigo.com,763-708-8239
Gayelord,Gilston,ggilston5e@xinhuanet.com,903-642-2818
See,Halpeine,shalpeine5f@clickbank.net,448-691-8832
Harmonia,Schuster,hschuster5g@chronoengine.com,190-382-7297
Jerry,Girvin,jgirvin5h@so-net.ne.jp,174-350-9789
Nadine,Kener,nkener5i@smugmug.com,769-922-4397
Vanni,Lucas,,
Prent,Wratten,pwratten5k@lycos.com,490-344-8108
Elga,Deboy,,
Wallis,Hansana,whansana5m@fc2.com,674-346-0171
Augustine,Flament,aflament5n@alibaba.com,152-128-6168
Alleen,Rraundl,,
Bibby,Franzen,bfranzen5p@wikia.com,372-461-5532
William,Pattesall,wpattesall5q@ebay.com,156-318-7151
Chev,Rupprecht,crupprecht5r@ebay.co.uk,185-830-5041
Troy,Gostall,tgostall5s@sitemeter.com,634-485-1876
Adel,Alderman,aalderman5t@indiatimes.com,211-686-7241
Ronnica,Ciobutaru,rciobutaru5u@rediff.com,906-762-2884
Rufe,Torre,rtorre5v@squidoo.com,782-884-5106
Dev,Mablestone,dmablestone5w@hexun.com,925-715-4253
Myles,Mazillius,,
Fredek,Illston,fillston5y@weibo.com,197-235-3457
Karlyn,McArdell,kmcardell5z@cnbc.com,518-663-1275
Kiele,Hubbard,khubbard60@cdbaby.com,379-377-7978
Chan,Belford,cbelford61@newsvine.com,474-930-9262
Mellicent,Simond,msimond62@rediff.com,461-104-2417
Melisa,Finby,mfinby63@theglobeandmail.com,268-899-0524
Caesar,Baynam,cbaynam64@gnu.org,696-176-6725
Ettie,Ruff,eruff65@oracle.com,426-141-6330
Crissie,Mathissen,,
Austin,Petriello,apetriello67@cdbaby.com,742-877-7787
Fara,Chellingworth,fchellingworth68@soup.io,808-557-2925
Kaila,Simmell,ksimmell69@prlog.org,225-170-9592
Stoddard,Stearnes,sstearnes6a@ucoz.ru,562-892-4855
Danila,Iseton,diseton6b@chicagotribune.com,196-762-1078
Cristian,Philipson,cphilipson6c@quantcast.com,629-794-1371
Florella,Pellew,fpellew6d@shutterfly.com,484-473-9613
Gearard,Ambrosoli,gambrosoli6e@cornell.edu,372-944-0197
Jonis,Legerwood,,
Odetta,Fletham,ofletham6g@cbsnews.com,633-643-4870
Louis,Ickeringill,lickeringill6h@phpbb.com,225-981-6461
Ronalda,Casetta,rcasetta6i@statcounter.com,545-379-1511
Muire,McEnhill,mmcenhill6j@nifty.com,197-677-4065
Michal,de Wilde,mdewilde6k@columbia.edu,790-388-5856
Eberhard,Kennelly,ekennelly6l@sciencedaily.com,236-912-6908
Abran,Sprankling,asprankling6m@spotify.com,955-438-0060
Ronnica,Bebb,rbebb6n@usgs.gov,375-868-4538
Leshia,Spendley,lspendley6o@patch.com,415-953-3073
Quill,Jedrych,qjedrych6p@tiny.cc,928-898-2448
Channa,Chessill,cchessill6q@buzzfeed.com,524-216-3425
Megan,Leckie,mleckie6r@irs.gov,335-257-2701
Towny,Thow,tthow6s@yahoo.com,639-869-9409
Mallory,Garman,mgarman6t@berkeley.edu,502-605-8317
Wolfie,Dorn,wdorn6u@163.com,863-915-9287
Jacklyn,O'Henery,johenery6v@google.cn,337-154-1196
Darrell,Lambrick,dlambrick6w@scribd.com,936-409-8571
Jerri,Redmile,jredmile6x@dmoz.org,325-273-3517
Delbert,Frift,dfrift6y@upenn.edu,874-629-2597
Tate,Chandler,tchandler6z@angelfire.com,338-737-6293
Josias,Dragoe,jdragoe70@amazon.com,136-765-4464
Louella,Pannaman,,
Ibbie,Readshaw,ireadshaw72@msu.edu,367-534-9199
Kania,Miquelet,kmiquelet73@rediff.com,315-724-4255
Gard,Forton,gforton74@bluehost.com,121-429-4451
Burl,Stoke,,
Quintilla,Lowdwell,qlowdwell76@i2i.jp,356-964-1480
Graig,Luckin,gluckin77@lulu.com,575-850-3191
Faber,Peskett,fpeskett78@ifeng.com,183-378-4855
Clarinda,Mitie,cmitie79@hhs.gov,729-556-7157
Leanora,Bartlosz,lbartlosz7a@bing.com,848-800-8657
Olivie,Edworthie,oedworthie7b@amazon.com,217-352-2649
Gayla,Clubley,gclubley7c@seesaa.net,498-889-9582
Brittan,Matei,bmatei7d@nhs.uk,452-254-3844
Alecia,Olman,aolman7e@tinyurl.com,649-608-3307
Daune,Breyt,dbreyt7f@wikimedia.org,489-418-5515
Shayla,Biesty,sbiesty7g@google.ru,684-771-3087
Shellie,Yoxall,syoxall7h@wikispaces.com,422-952-9802
Dulciana,Shiels,dshiels7i@wp.com,644-765-8892
Rodolphe,Di Franceshci,rdifranceshci7j@census.gov,955-968-7031
Ami,Bursnall,,
Shay,Aiton,saiton7l@about.com,622-840-4050
Harbert,Emanueli,hemanueli7m@wikia.com,215-267-5373
Selina,Hurlston,shurlston7n@cdbaby.com,176-454-9631
Iolanthe,Widdop,,
Tito,Cahani,tcahani7p@bbb.org,234-370-5975
Edwin,Wathell,ewathell7q@jiathis.com,859-331-3784
Lacie,Dran,ldran7r@illinois.edu,856-803-0386
Danya,Deaville,,
Aguistin,Oulet,aoulet7t@simplemachines.org,962-104-4761
Lenna,Bahia,lbahia7u@dropbox.com,877-985-5851
Kerstin,Bertolin,kbertolin7v@weather.com,595-484-0808
Roscoe,Dallimare,rdallimare7w@freewebs.com,554-402-0218
Carlin,Frise,cfrise7x@vkontakte.ru,559-500-9906
Noemi,Petit,npetit7y@nps.gov,489-846-8096
Petrina,Wodeland,pwodeland7z@opensource.org,909-276-2840
Kirsti,Fallen,kfallen80@dmoz.org,658-980-6870
Ricki,Solleme,rsolleme81@nationalgeographic.com,377-720-7032
Osbourn,Swinburn,oswinburn82@jugem.jp,128-293-9623
Edlin,Bleier,ebleier83@woothemes.com,859-936-5022
Hulda,Evetts,hevetts84@scientificamerican.com,848-214-0753
Grenville,Levins,glevins85@umich.edu,194-729-2772
Tani,Claye,tclaye86@booking.com,269-600-0128
Vlad,Lomen,vlomen87@hubpages.com,721-349-5209
Angil,Almeida,,
Alis,Clarae,aclarae89@businessinsider.com,493-713-3771
Barton,Ramel,bramel8a@princeton.edu,384-369-3574
Demetris,Jeeves,djeeves8b@list-manage.com,739-725-6999
Ora,Ayllett,oayllett8c@jigsy.com,389-943-4511
Padraic,Simko,,
Corabella,Stranahan,,
Morgun,Oddy,moddy8f@fotki.com,620-254-5507
Garey,Cattermole,,
Zilvia,Yesichev,zyesichev8h@wp.com,645-948-4763
Vivian,Baldick,vbaldick8i@techcrunch.com,650-868-5268
Thornton,Largan,,
Rabbi,Carrick,rcarrick8k@webnode.com,643-176-1289
Tarrance,Warmington,twarmington8l@wikipedia.org,780-966-0887
Julianna,Jelk,jjelk8m@cargocollective.com,438-148-9849
Eve,Ramelot,eramelot8n@jugem.jp,590-705-4854
Billie,Vondrach,bvondrach8o@economist.com,873-394-4693
Blair,Van Zon,bvanzon8p@si.edu,328-835-4271
Walden,Scurman,wscurman8q@vk.com,838-105-5723
Eldon,Peachman,epeachman8r@ted.com,392-597-0375
Dennison,Greystock,dgreystock8s@blogspot.com,342-363-2431
Shelbi,Strain,sstrain8t@clickbank.net,293-195-3478
Cordell,Truscott,ctruscott8u@adobe.com,504-554-4588
Brittne,Forestel,bforestel8v@discovery.com,479-260-8521
Phillipe,Primo,pprimo8w@phpbb.com,559-499-7810
Bronny,Tidmarsh,btidmarsh8x@163.com,689-563-8376
Johanna,Polson,jpolson8y@rakuten.co.jp,175-814-0517
Babs,Desmond,,
Isador,Syddie,isyddie90@pcworld.com,929-271-9458
Anthea,Ramsier,,
Flss,McKibben,fmckibben92@intel.com,564-901-6631
Alie,Stonuary,,
Benedikt,Clawe,bclawe94@engadget.com,797-168-8586
Vevay,Caudell,,
Ham,Mallen,hmallen96@google.de,744-965-4024
Wyndham,Highnam,whighnam97@slate.com,709-127-0965
Kyle,McDugal,kmcdugal98@phpbb.com,663-813-7328
Faina,Bamsey,fbamsey99@acquirethisname.com,226-682-5384
Cybil,Lorrain,clorrain9a@microsoft.com,697-890-7532
Edik,De Francisci,edefrancisci9b@npr.org,753-449-3799
Novelia,Gallant,ngallant9c@europa.eu,532-875-2021
Dynah,Viggers,dviggers9d@quantcast.com,486-304-8591
Batholomew,Shaplin,bshaplin9e@a8.net,661-277-4281
Lenee,Tobias,ltobias9f@github.io,168-604-9311
Kelcey,Ferrulli,kferrulli9g@theguardian.com,477-668-4457
Janos,Vallens,jvallens9h@reverbnation.com,107-581-5465
Loleta,Borg,lborg9i@mapy.cz,641-905-9208
Cori,Teal,cteal9j@plala.or.jp,368-719-9143
Tudor,Crose,tcrose9k@wikia.com,939-205-0390
Siffre,Cheales,scheales9l@hugedomains.com,591-678-3072
Waverley,Tuffrey,wtuffrey9m@ebay.co.uk,602-604-1750
Lil,Fairest,lfairest9n@un.org,102-309-4546
Jeanine,Denziloe,jdenziloe9o@wunderground.com,276-164-9631
Sherm,Aves,saves9p@globo.com,677-713-0995
Bertie,Cattenach,,
Diane,Blagdon,dblagdon9r@phpbb.com,942-417-5711
Hyacinthia,Skirling,,
Melisenda,Tremollet,mtremollet9t@google.com,493-259-0321
Beitris,Earles,bearles9u@dailymail.co.uk,302-760-4910
Jobi,Howgego,jhowgego9v@creativecommons.org,207-141-3452
Lucho,Haddrill,lhaddrill9w@jimdo.com,754-813-6972
Dulcinea,Rudham,,
Obadiah,Hew,ohew9y@dell.com,662-670-1518
Noellyn,Zanazzi,nzanazzi9z@pinterest.com,582-894-8947
Bibby,De'Ath,bdeatha0@adobe.com,386-118-9178
Frederic,Summerton,fsummertona1@bizjournals.com,564-818-4986
Isidoro,Vezey,ivezeya2@alexa.com,691-277-2265
Jerry,Sculley,jsculleya3@soup.io,286-583-7270
Herta,Stanton,hstantona4@google.com.br,493-827-3410
Kirby,Marusyak,kmarusyaka5@ycombinator.com,516-718-7719
Kelley,Gonning,kgonninga6@mapy.cz,337-827-1342
Tiebout,Lailey,tlaileya7@cbsnews.com,350-486-0895
Claudina,Zimek,czimeka8@chron.com,191-227-5439
Carmelina,Orviss,corvissa9@360.cn,322-193-1181
Dolly,Haskur,dhaskuraa@ycombinator.com,115-181-9066
Pinchas,Leyband,pleybandab@1688.com,357-290-6241
Doretta,Biddiss,dbiddissac@china.com.cn,173-807-4745
Vonni,Sullivan,vsullivanad@blogspot.com,495-451-7698
Ciel,Yarnton,,
Paola,Ritelli,pritelliaf@merriam-webster.com,726-407-9288
Codi,Sclater,,
Euell,Rennick,erennickah@nps.gov,664-744-8299
Griffith,D'Alesio,gdalesioai@arizona.edu,472-292-8137
Isidoro,Belasco,,
Darlene,Klulisek,dklulisekak@friendfeed.com,642-769-3193
Emmy,Polk,epolkal@arstechnica.com,542-507-6311
Marchall,Hollows,mhollowsam@ifeng.com,602-347-6038
Janeczka,Leynagh,jleynaghan@facebook.com,445-640-9693
Dud,Jiroutka,,
Eldredge,Phittiplace,ephittiplaceap@opera.com,775-958-7469
Bridget,Eadon,beadonaq@zimbio.com,137-872-6042
Berk,Adcock,,
Jeanelle,Frays,jfraysas@columbia.edu,549-286-4999
Athena,Letertre,aletertreat@typepad.com,978-370-1284
Fredelia,Kaasman,fkaasmanau@so-net.ne.jp,519-171-3923
Jacquie,Steel,,
Annelise,Blewett,ablewettaw@xing.com,422-785-7164
Clemmie,Upfold,cupfoldax@skype.com,144-535-4397
Corny,Horche,chorcheay@taobao.com,680-986-4969
Carroll,Nannizzi,cnannizziaz@facebook.com,800-455-3694
Isobel,Clutram,iclutramb0@moonfruit.com,675-378-1447
Bram,Gutherson,bguthersonb1@angelfire.com,482-924-7903
Gertrud,Bowlands,gbowlandsb2@discovery.com,846-944-3266
Loren,MacKeig,,
Ester,Goter,egoterb4@wiley.com,320-195-8902
Kaleena,Westgarth,kwestgarthb5@discuz.net,567-715-7204
Hedvig,Brittian,hbrittianb6@cargocollective.com,825-736-9841
Rozele,Tremayle,rtremayleb7@themeforest.net,376-842-5020
Jeane,Hembling,jhemblingb8@surveymonkey.com,408-723-8914
Marge,Romans,mromansb9@ifeng.com,745-962-9220
Quintus,Hanbury,qhanburyba@springer.com,607-490-7065
Grannie,Schlag,gschlagbb@sciencedirect.com,238-194-0299
Nanon,Gason,ngasonbc@house.gov,336-185-6189
Harriot,Hartburn,hhartburnbd@barnesandnoble.com,138-926-2896
Beatrisa,Simioli,bsimiolibe@scribd.com,934-397-1680
Gaultiero,Irvine,girvinebf@indiatimes.com,599-253-2206
Erasmus,Kyrkeman,ekyrkemanbg@cmu.edu,762-578-6729
Dorian,Peterkin,dpeterkinbh@economist.com,245-256-0025
Edlin,Bernhart,ebernhartbi@xinhuanet.com,633-173-8470
Barbra,Brisco,bbriscobj@meetup.com,815-109-8868
Didi,Crowther,dcrowtherbk@furl.net,536-187-3831
Marie-jeanne,Billing,mbillingbl@w3.org,566-294-9555
Linus,Doucette,ldoucettebm@aol.com,435-646-9789
Othilia,Keer,okeerbn@about.com,881-860-1192
Ringo,Rehorek,rrehorekbo@blogtalkradio.com,713-538-9610
Madlin,Lythgoe,mlythgoebp@symantec.com,185-550-1148
Padgett,Winsom,pwinsombq@ucsd.edu,130-356-3724
Nerissa,Cribbins,ncribbinsbr@stumbleupon.com,343-796-2715
Nanci,Northgraves,nnorthgravesbs@rediff.com,640-377-2613
Jacqui,Eldershaw,jeldershawbt@nba.com,347-713-0431
Lynsey,Frascone,,
D'arcy,Sutter,dsutterbv@msn.com,789-421-1288
Cristal,Browncey,cbrownceybw@redcross.org,656-574-7380
Shurlock,Mordecai,smordecaibx@oracle.com,206-382-0047
Ginelle,Beakes,gbeakesby@meetup.com,410-277-0241
Kiel,Winsor,kwinsorbz@deviantart.com,873-546-7861
Amalle,Blues,abluesc0@skype.com,775-564-5227
Paddy,Vousden,pvousdenc1@163.com,859-836-0805
Denys,Ashwin,dashwinc2@chronoengine.com,921-318-9776
Virgil,Flello,vflelloc3@tumblr.com,726-526-3312
Jobi,Reditt,jredittc4@nytimes.com,670-702-0208
De witt,Drife,ddrifec5@chicagotribune.com,459-930-8343
Teressa,Lagne,tlagnec6@google.pl,127-148-5386
Gualterio,Jaan,gjaanc7@vimeo.com,738-812-3090
Munmro,Toope,mtoopec8@apple.com,542-346-1557
Jeanine,Balston,,
Grethel,Fine,gfineca@rambler.ru,840-847-5271
Avery,Corps,acorpscb@newsvine.com,377-149-2602
Collin,Fuggle,cfugglecc@imdb.com,622-365-3289
Mel,Karpinski,mkarpinskicd@cnn.com,847-661-6479
Aubree,Lippiatt,alippiattce@free.fr,912-805-3606
Tabatha,Barg,tbargcf@vk.com,761-288-6303
Reuven,Orrill,,
Cherilynn,Bum,cbumch@loc.gov,994-190-8792
Marc,Conti,mcontici@hud.gov,653-809-3819
Carilyn,Antos,cantoscj@google.de,789-548-9261
Vita,Attewell,vattewellck@engadget.com,761-974-2124
Cash,Chasmer,cchasmercl@goo.ne.jp,339-745-0522
Sasha,Swetman,sswetmancm@discovery.com,380-939-6287
Angy,McCumesky,amccumeskycn@tripod.com,805-817-1978
Jacynth,Hepher,jhepherco@noaa.gov,283-745-3004
Zabrina,Iacovo,ziacovocp@paypal.com,457-783-8837
Joane,Randerson,jrandersoncq@gmpg.org,674-609-1300
Gherardo,Maleck,gmaleckcr@uol.com.br,426-440-8456
Micaela,Adds,,
Tad,Bonnesen,tbonnesenct@ovh.net,915-113-9143
Belinda,Napleton,bnapletoncu@wsj.com,808-381-6062
Ailyn,Waleworke,awaleworkecv@indiegogo.com,904-742-9362
Cordelie,Stothard,cstothardcw@technorati.com,681-386-4737
Casandra,Brogan,cbrogancx@tamu.edu,987-165-8223
Bradley,Friman,bfrimancy@aol.com,139-451-8088
Sheree,Colborn,scolborncz@furl.net,292-160-8812
John,Maria,jmariad0@intel.com,512-590-3559
Katie,June,kjuned1@weebly.com,575-171-3611
Meade,Danell,mdanelld2@tinypic.com,323-437-9681
Brandon,Lindermann,blindermannd3@theglobeandmail.com,800-531-6730
Levin,Pardey,lpardeyd4@cloudflare.com,394-291-0397
Wernher,Gordge,wgordged5@google.com.hk,619-366-7246
Carlynn,Krahl,ckrahld6@eepurl.com,516-561-4756
Truman,Tregent,,
Cobbie,Arsmith,carsmithd8@cpanel.net,318-335-6448
Hastie,Eltone,,
Nerte,Goodbar,ngoodbarda@mayoclinic.com,279-320-0999
Blondie,Matejic,bmatejicdb@example.com,523-824-6274
Cyrus,Tennewell,ctennewelldc@usgs.gov,713-258-8380
Kate,Hukin,khukindd@ning.com,406-657-7345
Liane,Withers,lwithersde@umich.edu,704-721-8082
Raddie,Jimson,rjimsondf@eepurl.com,181-455-4596
Quintin,Stoade,qstoadedg@paypal.com,955-240-8402
Alisa,Itzhaiek,aitzhaiekdh@arizona.edu,835-432-6659
Hazlett,Willcot,,
Ario,Highton,,
Baxy,Dufty,bduftydk@vk.com,524-317-8565
Mirabelle,Trevan,mtrevandl@va.gov,910-195-7093
Nate,Plaice,nplaicedm@live.com,609-280-1275
Laverna,Conyers,lconyersdn@jigsy.com,505-111-5693
Paco,Silcox,psilcoxdo@meetup.com,775-590-2545
Dedie,Odhams,,
Vinita,Tarply,vtarplydq@bloglovin.com,468-831-3277
Velma,Finlan,vfinlandr@springer.com,926-834-6562
Janis,Benesevich,jbenesevichds@oracle.com,343-735-8871
Haywood,Stede,hstededt@businessweek.com,104-349-7009
Tess,Pettit,tpettitdu@yellowbook.com,822-787-4748
Willy,Thies,wthiesdv@geocities.jp,864-338-5274
Mair,Pero,,
Wadsworth,Greedier,wgreedierdx@nytimes.com,251-387-9128
Frazer,Butting,fbuttingdy@thetimes.co.uk,443-820-0721
Barby,Bourchier,bbourchierdz@answers.com,981-664-8435
Kellia,Wegenen,kwegenene0@toplist.cz,674-755-7306
Uta,Mussett,umussette1@jalbum.net,197-505-1424
Neville,Mahy,nmahye2@salon.com,229-415-1368
Tybalt,Russi,trussie3@bing.com,445-976-5956
Oriana,Ferschke,oferschkee4@tmall.com,173-635-8726
Jan,Speddin,jspeddine5@sbwire.com,795-262-9859
Rowena,Story,rstorye6@vinaora.com,160-223-3854
Bellina,Lapre,blapree7@howstuffworks.com,232-593-6041
Adamo,Vasilyevski,avasilyevskie8@stumbleupon.com,642-385-3354
Patten,Warfield,pwarfielde9@geocities.jp,568-367-8674
Barbra,Reany,breanyea@ibm.com,961-193-2599
Edna,Kiffin,ekiffineb@nhs.uk,831-867-6438
Adaline,Blaisdale,ablaisdaleec@myspace.com,720-523-1790
Rachele,Lahive,rlahiveed@multiply.com,965-575-3446
Hakim,Tabbitt,htabbittee@pbs.org,739-489-7802
Pippo,Merida,pmeridaef@yahoo.com,643-368-1274
Gaye,Gauler,ggaulereg@networkadvertising.org,315-689-8452
Bobbee,Ravenhill,bravenhilleh@eepurl.com,934-923-9362
Sela,Ince,sinceei@opensource.org,134-210-8724
Ealasaid,Lamont,elamontej@chronoengine.com,317-926-4219
Dwain,Assiter,dassiterek@oracle.com,752-906-6115
Gavra,Limbourne,glimbourneel@blinklist.com,458-316-3129
Ashbey,Dederich,adederichem@bloglovin.com,236-726-1542
Maxwell,Base,mbaseen@deliciousdays.com,153-339-7264
Berty,Bootes,,
Marna,Swedeland,mswedelandep@tripadvisor.com,661-409-2887
Maritsa,Glacken,mglackeneq@addthis.com,407-800-2922
Charmain,Dulany,cdulanyer@yahoo.com,313-767-6140
Tracee,Stubbs,,
Carlina,Chetwin,cchetwinet@webmd.com,140-415-4210
Claudetta,Basant,cbasanteu@comcast.net,317-734-3016
Jorey,Klimshuk,jklimshukev@nationalgeographic.com,804-323-1294
Rafaello,Corden,rcordenew@quantcast.com,415-811-5877
Berry,Coneron,bconeronex@aboutads.info,468-649-5411
Farand,Hobben,fhobbeney@walmart.com,920-793-4421
Ami,Bremeyer,,
Pauly,Dinsell,pdinsellf0@psu.edu,956-403-1697
Eddy,Dewsbury,edewsburyf1@unc.edu,837-160-6560
Linda,Lewknor,llewknorf2@marketwatch.com,571-656-2324
Stephi,Bordman,sbordmanf3@wired.com,142-963-6689
Dalis,Rotchell,drotchellf4@buzzfeed.com,121-125-1368
Therine,Kleinfeld,tkleinfeldf5@macromedia.com,851-472-5901
Valli,Skeel,vskeelf6@hhs.gov,681-647-5241
Yuma,Benoi,ybenoif7@slate.com,873-273-6403
Michail,Tomkins,mtomkinsf8@gizmodo.com,138-937-1230
Roland,Weblin,,
Bennie,Bestwall,,
Shannah,Heeran,sheeranfb@businesswire.com,993-312-4541
Christie,Brager,cbragerfc@ucsd.edu,398-845-5436
Naomi,Spreull,,
Joyce,McIlmorie,jmcilmoriefe@wisc.edu,323-617-0230
Sharai,Ardern,sardernff@cbc.ca,672-322-9021
Sky,Reyner,sreynerfg@xrea.com,792-574-4516
Letitia,Enrich,lenrichfh@pcworld.com,509-406-4688
Ruddie,Apedaile,,
Sybila,Bend,sbendfj@over-blog.com,173-781-5985
Lutero,Hiscoe,lhiscoefk@bizjournals.com,232-842-7707
Randee,Matchett,rmatchettfl@go.com,747-256-1778
Kimmi,Ryott,kryottfm@ucsd.edu,705-576-4041
Eduino,Dudmarsh,edudmarshfn@exblog.jp,779-360-9306
Flint,Meeron,,
Katie,Masding,kmasdingfp@nationalgeographic.com,412-350-7700
Cos,Simcock,csimcockfq@yale.edu,113-428-3392
Broderic,Salaman,bsalamanfr@yellowbook.com,808-405-9174
Ertha,Giffon,egiffonfs@who.int,321-101-3064
Caryl,Pawelec,cpawelecft@twitter.com,755-375-4133
Carlynne,Buckam,cbuckamfu@hc360.com,334-891-6064
Marcello,Noulton,mnoultonfv@moonfruit.com,789-989-0466
Berkie,Bussens,bbussensfw@technorati.com,746-696-4997
Ephrayim,Lawley,elawleyfx@plala.or.jp,626-803-5433
Kare,McIlenna,kmcilennafy@slashdot.org,231-513-5621
Nadine,Annes,nannesfz@bravesites.com,787-692-8592
Elwira,Battabee,ebattabeeg0@si.edu,448-664-5890
Kellen,Daly,kdalyg1@huffingtonpost.com,394-666-1939
Starr,Engley,sengleyg2@addtoany.com,276-907-4185
Lulita,Crosdill,lcrosdillg3@elegantthemes.com,149-857-8328
Arturo,Cowthard,acowthardg4@netscape.com,918-888-4371
Dorey,Tomczak,dtomczakg5@usda.gov,971-280-6880
Averil,Lowen,aloweng6@spotify.com,718-526-5015
Fonz,Buggs,fbuggsg7@a8.net,345-188-0897
Case,O'Connolly,coconnollyg8@csmonitor.com,546-302-7177
Sam,Collison,scollisong9@livejournal.com,871-439-0417
Zacharie,Gallehawk,zgallehawkga@cargocollective.com,574-372-7828
Menard,Roskilly,mroskillygb@nba.com,783-104-0124
Marion,Mehaffey,mmehaffeygc@lulu.com,563-616-3974
Kass,Lacelett,,
Carmela,Lincoln,clincolnge@boston.com,877-977-6028
Giacinta,Greatreax,ggreatreaxgf@naver.com,788-910-2388
Arabella,Bloodworthe,abloodworthegg@gov.uk,775-254-9441
Cob,Tite,ctitegh@jugem.jp,794-227-7622
Prudy,Timmins,ptimminsgi@flickr.com,856-709-3215
Dix,Leving,dlevinggj@jimdo.com,245-936-8674
Archy,Blockley,ablockleygk@umich.edu,181-744-8264
Norry,Tamplin,ntamplingl@furl.net,970-912-6424
Ira,Earp,iearpgm@rakuten.co.jp,138-382-9380
Lora,Normansell,lnormansellgn@nhs.uk,295-474-6644
Fernande,Yuryshev,fyuryshevgo@netlog.com,871-150-9771
Ives,Ragg,iragggp@earthlink.net,908-199-2619
Donia,Kehir,,
Stephani,Larciere,slarcieregr@slideshare.net,727-222-2058
Sergio,Volett,svolettgs@weebly.com,257-456-2682
Fred,Bellworthy,fbellworthygt@webs.com,401-198-5298
Casper,Grandison,cgrandisongu@vkontakte.ru,243-691-9844
Cherianne,Bytheway,,
Jenifer,Hechlin,jhechlingw@fotki.com,780-365-5572
Marjorie,Cattellion,mcattelliongx@statcounter.com,907-998-1707
Kiri,Sawley,ksawleygy@ocn.ne.jp,743-455-8709
Hali,MacQuist,hmacquistgz@histats.com,471-739-9588
Sander,Fischer,sfischerh0@salon.com,764-572-1430
Donetta,Dungee,,
Katrine,Van der Brug,,
Linnet,Fieldstone,lfieldstoneh3@google.fr,569-365-1110
Tera,Sturges,tsturgesh4@tiny.cc,929-532-3776
Efren,Marlon,emarlonh5@macromedia.com,269-497-8863
Carri,Pyecroft,cpyecrofth6@ucoz.ru,999-601-7189
Madelaine,Nelius,mneliush7@noaa.gov,431-878-2372
Joycelin,Asals,jasalsh8@ucla.edu,447-291-1778
Tobie,Karp,tkarph9@narod.ru,756-131-4663
Dominik,Cardall,dcardallha@delicious.com,787-608-0834
Axe,De Biasi,adebiasihb@uiuc.edu,447-600-9122
Annice,Tomlett,atomletthc@github.io,218-762-9749
Francesco,Whittenbury,fwhittenburyhd@timesonline.co.uk,501-849-7861
Reinhard,Snawden,rsnawdenhe@spiegel.de,269-947-4540
Seumas,Leyrroyd,,
Chaunce,Pettingill,cpettingillhg@wsj.com,601-407-4771
Florinda,Baswall,fbaswallhh@hubpages.com,517-439-5805
Helene,Spacie,hspaciehi@baidu.com,234-285-8854
Venita,Rispin,,
Bertie,Thieme,bthiemehk@mapy.cz,526-243-3447
Waylen,Bride,wbridehl@usnews.com,756-573-5775
Lauree,Rounsivall,lrounsivallhm@soundcloud.com,964-678-0275
Ardenia,Cunrado,acunradohn@answers.com,657-276-7184
Laure,Haddinton,lhaddintonho@issuu.com,776-783-9253
Broderick,Ivanyukov,bivanyukovhp@msn.com,833-573-4154
Emalia,Redmell,eredmellhq@umich.edu,859-591-9625
Hendrick,Ainge,haingehr@apple.com,130-807-7668
Beck,Sturney,bsturneyhs@google.pl,549-165-5966
Bonny,Batterham,bbatterhamht@canalblog.com,777-437-8834
Cacilie,Grew,cgrewhu@flickr.com,634-875-4192
Mandie,Caskey,mcaskeyhv@dailymotion.com,394-183-0823
Scarlett,Witcomb,switcombhw@apache.org,423-307-2841
Frederico,Hydes,fhydeshx@blog.com,304-396-7316
Kerri,Januszkiewicz,kjanuszkiewiczhy@yandex.ru,961-982-9984
Shelden,Bampford,sbampfordhz@foxnews.com,996-902-8519
Antonetta,Coleborn,acoleborni0@samsung.com,795-226-5959
Marianna,Skelington,mskelingtoni1@behance.net,995-772-2987
Ario,Gillogley,agillogleyi2@reuters.com,710-655-1984
Putnam,Cansfield,pcansfieldi3@reuters.com,967-943-5128
Darci,Gaskal,dgaskali4@sina.com.cn,457-628-1392
Dolli,Smallbone,dsmallbonei5@nasa.gov,316-765-3421
Kitty,Altree,,
Tim,Reuven,treuveni7@hugedomains.com,661-505-3768
Karisa,Wheeldon,kwheeldoni8@myspace.com,348-892-9638
Tabby,Ginnety,tginnetyi9@digg.com,921-191-9905
Jojo,Bandy,jbandyia@un.org,958-833-5818
Jolyn,Kleeman,jkleemanib@un.org,320-254-9085
Lizabeth,Thunnercliffe,lthunnercliffeic@gov.uk,761-106-7250
Barny,Boater,,
Ingrim,Meader,imeaderie@jalbum.net,297-662-8230
Dylan,Crackel,dcrackelif@woothemes.com,650-400-1172
Rena,Goburn,rgoburnig@ovh.net,974-732-1576
Aurilia,MacCard,amaccardih@sbwire.com,692-131-5173
Alair,Humbles,ahumblesii@omniture.com,977-407-2745
Maryjane,Buzin,mbuzinij@cnn.com,157-362-9040
Boycey,Braniff,bbraniffik@nsw.gov.au,874-138-9367
Gilles,Riepel,griepelil@t.co,317-278-2191
Merry,Benito,mbenitoim@stumbleupon.com,842-435-0846
Karalynn,Skeeles,,
Tyrone,McElvogue,tmcelvogueio@bravesites.com,816-137-2801
Tobe,Spowart,tspowartip@cisco.com,948-159-1709
Addi,FitzAlan,afitzalaniq@discovery.com,782-866-5038
Elli,De Bruin,edebruinir@indiegogo.com,231-247-1823
Eugenie,Kochel,,
Ricky,Kerwin,rkerwinit@woothemes.com,226-588-4757
Vasili,Curuclis,vcuruclisiu@mail.ru,305-455-7954
Gerek,Ellerington,gelleringtoniv@blogspot.com,589-283-0547
Lynnet,Durban,ldurbaniw@mac.com,828-934-8796
Lotty,Pidgeley,lpidgeleyix@dmoz.org,986-656-9289
Charlene,Jahnke,cjahnkeiy@nbcnews.com,800-474-7113
Lily,Hewson,lhewsoniz@reddit.com,322-397-1056
Emery,Breed,ebreedj0@elegantthemes.com,340-692-8185
Tomasina,Antonietti,tantoniettij1@list-manage.com,484-404-1571
Horacio,Beceril,hbecerilj2@ning.com,360-627-5755
Zia,Gallelli,zgallellij3@alibaba.com,694-112-0884
Brewer,Roderick,broderickj4@oaic.gov.au,580-727-5616
Shepherd,Josefer,sjoseferj5@bandcamp.com,732-862-3151
Cherish,Noblet,,
Papagena,Shutler,pshutlerj7@answers.com,447-686-3190
Claiborne,Dingle,cdinglej8@slideshare.net,855-963-6228
Ashlan,Reyner,areynerj9@free.fr,598-427-9155
Grange,Limpricht,glimprichtja@cyberchimps.com,899-623-3948
Connor,Condy,ccondyjb@netlog.com,381-107-6322
Stephan,Pickhaver,spickhaverjc@usa.gov,614-379-3893
Lavinie,Aizikov,laizikovjd@meetup.com,389-274-3879
Carmita,Willimont,cwillimontje@is.gd,808-604-5387
Aldous,Winham,,
Rori,Sawley,rsawleyjg@facebook.com,461-969-6303
Geordie,Raun,graunjh@yahoo.com,957-926-1325
Maribeth,Lead,mleadji@psu.edu,515-862-0609
Milissent,Trownson,,
Mick,Karp,mkarpjk@newyorker.com,290-792-1103
Harriott,Tunnick,htunnickjl@icio.us,617-988-1989
Ambrosi,Hourihan,ahourihanjm@discovery.com,908-109-3424
Berny,Tenniswood,btenniswoodjn@icio.us,162-827-9613
Marsh,Cogley,mcogleyjo@time.com,668-674-2938
Delila,Riddle,driddlejp@canalblog.com,230-375-6248
Sigismundo,Sallinger,ssallingerjq@sciencedirect.com,186-882-7671
Cornie,Healeas,chealeasjr@cocolog-nifty.com,901-572-4164
Rutger,Basterfield,,
Klaus,Cammocke,kcammockejt@tuttocitta.it,342-697-4721
Normand,Doblin,ndoblinju@cnn.com,841-997-1923
Christabel,Welden,cweldenjv@last.fm,644-286-2906
Dorolisa,Laetham,,
Tamarah,Westmancoat,,
Marysa,Bugdale,mbugdalejy@mapquest.com,565-771-6408
Terrence,Gush,tgushjz@microsoft.com,104-438-2619
Marc,Hubbucke,mhubbuckek0@drupal.org,896-346-7235
Tarra,Mantrip,tmantripk1@discovery.com,952-378-7718
Hartley,Yukhnevich,hyukhnevichk2@whitehouse.gov,216-116-3503
Alvie,Cromb,,
Bernie,Handasyde,bhandasydek4@1und1.de,709-881-6361
Lynda,Steutly,lsteutlyk5@live.com,427-832-2057
Guilbert,Jaslem,gjaslemk6@scribd.com,477-831-4920
Vally,Ingley,,
Micah,Crallan,mcrallank8@t.co,343-369-2364
Quinta,Hambric,qhambrick9@omniture.com,681-853-3866
Kenton,Boman,kbomanka@google.es,622-340-9453
Perkin,Klass,pklasskb@elpais.com,342-128-3877
Mendel,Allenby,mallenbykc@ted.com,631-657-8135
Tamarah,Blaber,tblaberkd@java.com,594-878-5706
Cordie,Tomashov,ctomashovke@themeforest.net,314-530-7654
Benji,Grent,bgrentkf@wiley.com,634-572-6623
Hadleigh,Stainfield,hstainfieldkg@google.es,755-116-4074
Leah,Trussler,ltrusslerkh@woothemes.com,459-311-1220
Ethelred,Rowlatt,erowlattki@1und1.de,977-869-2648
Marcus,Wadie,mwadiekj@pinterest.com,340-333-9565
Remington,Bamblett,rbamblettkk@twitpic.com,451-248-6002
Gabey,Joice,gjoicekl@google.de,112-694-2831
Wenonah,Poone,wpoonekm@tripadvisor.com,349-267-0315
Sharyl,Heibel,sheibelkn@shutterfly.com,112-118-3433
Quintilla,Butchers,qbutchersko@utexas.edu,327-297-9023
Alfi,McGillreich,,
Rubi,Sanbroke,rsanbrokekq@berkeley.edu,478-989-0757
Nilson,Jandak,njandakkr@plala.or.jp,819-365-4604
Kessia,Redhole,kredholeks@answers.com,532-699-4511
Dick,Decayette,,
Sherye,Bettinson,sbettinsonku@icio.us,163-858-1758
Milissent,Kubalek,mkubalekkv@goodreads.com,435-213-0805
Efren,Cervantes,ecervanteskw@scribd.com,643-160-3421
Graig,Cordon,gcordonkx@state.tx.us,295-501-7832
Heinrik,Delacour,,
Sammy,Terram,,
Jammal,Linfoot,jlinfootl0@nifty.com,208-308-5388
Maisey,Luttger,mluttgerl1@dot.gov,740-611-7186
Yehudi,Battleson,,
Ula,Willey,,
Inge,Gauler,igaulerl4@mediafire.com,250-837-5536
Anabella,Rivalland,arivallandl5@multiply.com,780-307-8618
Elset,Baulk,ebaulkl6@miibeian.gov.cn,122-729-2555
Frazer,Korting,fkortingl7@princeton.edu,142-487-9778
Addy,Silverwood,asilverwoodl8@digg.com,968-709-0881
Dorey,East,deastl9@miibeian.gov.cn,978-799-1766
Mercie,Tortice,mtorticela@comsenz.com,678-831-1286
Weidar,Mallebone,wmallebonelb@flickr.com,974-157-7563
Korie,Fraanchyonok,kfraanchyonoklc@google.es,674-299-1230
Margareta,Lingfoot,,
Amalia,Joel,ajoelle@bravesites.com,668-932-0366
Ber,Drewry,bdrewrylf@ow.ly,574-548-2227
Kyle,Andriesse,kandriesselg@sphinn.com,961-307-5220
Pincus,Ambrogi,pambrogilh@army.mil,487-989-4786
Heywood,Tick,htickli@state.tx.us,586-703-0918
Farr,Lacelett,flacelettlj@deliciousdays.com,723-842-7599
Christian,Ryves,cryveslk@xrea.com,236-932-0136
Imelda,MacGown,imacgownll@sakura.ne.jp,238-708-9024
Jena,Detoile,jdetoilelm@spiegel.de,954-248-3668
Tania,Vevers,tveversln@ihg.com,694-584-2154
Tally,Cashin,tcashinlo@nytimes.com,993-960-2282
Arley,Kern,akernlp@unblog.fr,874-114-1688
Emalee,Bowser,ebowserlq@google.fr,515-595-6578
Lonnie,Boatswain,lboatswainlr@sphinn.com,969-154-5412
Jacinthe,Hagard,jhagardls@domainmarket.com,227-158-3682
Maryrose,McAtamney,mmcatamneylt@squidoo.com,981-190-8088
Farand,Smithers,,
Ula,Arundel,uarundellv@macromedia.com,812-646-7992
Marney,Bummfrey,mbummfreylw@mlb.com,514-434-5615
Julia,Rannells,jrannellslx@parallels.com,226-285-9259
Gillan,Senogles,gsenoglesly@archive.org,383-989-0840
Stacy,Vasyuchov,svasyuchovlz@msn.com,805-176-2722
Kennith,Amburgy,kamburgym0@pagesperso-orange.fr,144-432-6034
Aubrey,Kennon,akennonm1@msu.edu,702-467-0686
Reinald,Petrowsky,rpetrowskym2@eepurl.com,733-771-2209
Ronnie,Goldstein,rgoldsteinm3@google.nl,541-630-3020
Newton,Haskayne,nhaskaynem4@123-reg.co.uk,387-972-1825
Caleb,Fitchett,cfitchettm5@goodreads.com,970-384-5795
Burnaby,Skayman,bskaymanm6@cnbc.com,994-277-6860
Dalton,Denisevich,,
Lori,Foulkes,lfoulkesm8@scribd.com,108-876-0178
Stanley,Jenner,,
Clementina,Bambrugh,cbambrughma@netvibes.com,694-659-6918
Joyce,Niccolls,jniccollsmb@yolasite.com,564-335-0836
Kurt,Ratledge,kratledgemc@engadget.com,771-493-4343
Mufi,Popplewell,mpopplewellmd@naver.com,940-535-8203
Isabelita,Baudrey,ibaudreyme@drupal.org,731-277-4247
Darbie,Ventris,dventrismf@freewebs.com,549-724-6854
Kristin,Moran,kmoranmg@youku.com,463-468-3902
Tate,Harget,thargetmh@amazonaws.com,798-148-2403
Sibyl,Gareisr,sgareisrmi@weebly.com,800-233-8348
Pace,Chazelas,pchazelasmj@altervista.org,626-602-2898
Purcell,Scherme,pschermemk@google.nl,745-121-1650
Robbi,Manterfield,rmanterfieldml@moonfruit.com,568-960-4307
Edsel,Noblet,enobletmm@disqus.com,284-472-7541
Jessy,Purser,jpursermn@tripod.com,219-831-0263
Tomaso,Senechell,tsenechellmo@blinklist.com,412-493-9452
Jandy,Clotworthy,jclotworthymp@wiley.com,614-579-2769
Karine,Stockey,kstockeymq@prnewswire.com,608-897-2905
Fanechka,Gadson,fgadsonmr@alibaba.com,965-970-5291
Hilde,Dufour,,
Grete,Ferriman,gferrimanmt@fc2.com,991-780-3859
Consuelo,Hargess,chargessmu@samsung.com,598-481-2994
Nikaniki,Bagehot,nbagehotmv@alibaba.com,519-185-2891
Danny,Willets,dwilletsmw@comcast.net,810-257-3262
Paula,Kinsman,pkinsmanmx@artisteer.com,646-275-7917
Amil,Findlater,afindlatermy@ucoz.com,647-522-1807
Gayelord,Giacopazzi,ggiacopazzimz@google.nl,485-277-7075
Conrade,Philcox,cphilcoxn0@naver.com,193-964-0221
Veda,Zack,vzackn1@telegraph.co.uk,553-750-5044
Cecil,Yule,cyulen2@wix.com,297-618-4172
Eamon,Caddens,,
Bryce,Lattie,blattien4@163.com,894-133-9750
Bancroft,Bielefeld,bbielefeldn5@baidu.com,303-553-5467
Cornell,Jeanon,cjeanonn6@webs.com,826-799-1839
Mirelle,Rainford,mrainfordn7@vimeo.com,502-415-0665
Otis,Rawling,orawlingn8@biglobe.ne.jp,473-196-9254
Esme,Badland,ebadlandn9@nature.com,320-557-3936
Cyril,Rosa,,
Anatola,Campkin,acampkinnb@ovh.net,783-766-1682
Linnet,Batting,lbattingnc@furl.net,417-716-1708
Tiebout,Battany,tbattanynd@hubpages.com,306-266-7013
Benjamen,Devoy,,
Gabbey,Rubega,grubeganf@ning.com,469-523-6950
Anissa,Domanski,,
Arielle,Gerger,agergernh@delicious.com,702-671-8662
Pansie,Halsted,phalstedni@mlb.com,202-520-4442
Nessie,Gravenor,ngravenornj@stumbleupon.com,181-938-1484
Nani,Jennery,njennerynk@aboutads.info,700-761-4045
Thaddeus,Juggings,tjuggingsnl@msn.com,217-645-0414
Cynthia,Durrant,cdurrantnm@blogtalkradio.com,685-304-7977
Vick,Wakelam,vwakelamnn@chron.com,900-489-8848
Rey,Hatherell,rhatherellno@fotki.com,844-216-0275
Arne,Gillbee,agillbeenp@wp.com,168-335-0649
Adela,Lanchbury,alanchburynq@disqus.com,220-200-4691
Fielding,Coutts,fcouttsnr@paypal.com,478-497-2973
Blair,Kleinber,bkleinberns@altervista.org,567-933-4655
Cory,Edghinn,cedghinnnt@vimeo.com,693-476-5148
Coretta,Dougherty,cdoughertynu@cpanel.net,489-628-9480
Jewell,Orman,jormannv@washingtonpost.com,418-715-7324
Jacki,Kyttor,jkyttornw@archive.org,912-781-4614
Sydney,Lumm,slummnx@myspace.com,116-337-0816
Maryann,Mooney,mmooneyny@rambler.ru,266-556-9829
Erastus,Golda,egoldanz@fda.gov,191-317-8356
Emilia,Weavers,eweaverso0@prnewswire.com,840-351-8314
Earlie,Brittles,,
Aura,Stanyard,,
Haskel,Blaxland,hblaxlando3@google.fr,588-325-9668
Shauna,Jewer,sjewero4@examiner.com,984-114-9806
Almeta,Pattemore,apattemoreo5@pbs.org,377-195-0354
Bail,Devers,bdeverso6@home.pl,623-130-7445
Jo,Velde,jveldeo7@intel.com,333-403-4881
Dru,Brittle,dbrittleo8@dagondesign.com,936-950-5869
Dall,Farney,dfarneyo9@360.cn,141-507-5675
Brnaby,Drache,bdracheoa@cbsnews.com,626-684-5948
Giselbert,Thomassin,gthomassinob@yelp.com,291-326-7934
Danie,Bothram,,
Ortensia,Wolvey,owolveyod@mapquest.com,370-883-2744
Foster,Finder,ffinderoe@census.gov,213-610-9305
Lyda,Rowena,lrowenaof@oaic.gov.au,421-620-4150
Raymund,Hector,rhectorog@nbcnews.com,785-564-4978
Ronni,Poll,rpolloh@fema.gov,128-814-6920
Bebe,Pridden,bpriddenoi@amazon.de,840-755-7375
Elianore,Turpie,,
Emili,Kolodziej,ekolodziejok@dagondesign.com,558-441-6191
Nickie,Tibald,ntibaldol@reference.com,665-220-8841
Jocko,McPhilip,jmcphilipom@yelp.com,138-697-9026
Aguie,Comino,,
Dena,Curnnokk,dcurnnokkoo@nsw.gov.au,789-539-7838
Duane,Klug,dklugop@360.cn,275-414-5747
Grannie,Ribou,,
Vicky,Guido,vguidoor@time.com,662-520-2612
Shelly,Smitherham,ssmitherhamos@multiply.com,860-872-5250
Salomo,Ritchman,sritchmanot@gnu.org,152-467-7745
Colas,Chessill,,
Hirsch,Tabert,htabertov@businessweek.com,604-499-7281
Sidney,Lecointe,slecointeow@psu.edu,653-860-0128
Annmarie,Epperson,aeppersonox@exblog.jp,542-582-5632
Thomasine,Josskovitz,tjosskovitzoy@europa.eu,748-740-6739
Bethina,Turnpenny,bturnpennyoz@feedburner.com,471-340-9986
Ariel,Satterlee,asatterleep0@geocities.com,877-367-1776
Raviv,Vuitton,rvuittonp1@skyrock.com,628-651-3159
Jodi,Harper,jharperp2@whitehouse.gov,737-831-0003
Saul,Boog,sboogp3@wiley.com,665-575-9920
Eldon,Pieroni,epieronip4@chicagotribune.com,318-597-1815
Weston,Fautly,wfautlyp5@adobe.com,827-469-4650
Jasper,Canham,jcanhamp6@dropbox.com,623-471-8849
See,Olerenshaw,solerenshawp7@cdc.gov,242-521-2383
Casar,McCrillis,cmccrillisp8@paginegialle.it,925-742-9530
Gussy,Kydde,gkyddep9@craigslist.org,111-729-8287
Aldin,Gobeau,agobeaupa@nih.gov,858-134-6326
Alie,Boylin,aboylinpb@friendfeed.com,791-706-1619
Kipp,Itzcak,kitzcakpc@msu.edu,798-332-6995
Vitoria,Johanning,vjohanningpd@abc.net.au,615-600-7438
Dillon,Rodda,,
Martguerita,Guyonneau,mguyonneaupf@google.cn,719-859-6399
Olly,Looby,oloobypg@weebly.com,957-320-6811
Eduard,Pashbee,epashbeeph@goodreads.com,285-758-4106
Greer,Patis,,
Goddard,Siddele,gsiddelepj@xing.com,922-280-4832
Bourke,Hallgate,bhallgatepk@psu.edu,535-552-9132
Faythe,Ashelford,fashelfordpl@reference.com,881-427-0583
Washington,Lannin,wlanninpm@gizmodo.com,735-185-6528
Kimberlyn,Lockart,klockartpn@yolasite.com,391-380-0504
Goldarina,Rosita,grositapo@china.com.cn,379-921-4672
Kain,Mattam,kmattampp@photobucket.com,134-583-6404
Ruthi,Groundwator,rgroundwatorpq@dion.ne.jp,189-844-9306
Susan,Carslake,scarslakepr@pcworld.com,313-146-4908
Damara,Lunt,dluntps@booking.com,498-965-1037
Renado,Piotrowski,,
Jammie,Moncreiffe,jmoncreiffepu@purevolume.com,799-884-8374
Ado,Hynd,ahyndpv@indiegogo.com,684-776-5291
Magdaia,Harvatt,mharvattpw@walmart.com,315-828-4528
Shana,Parmeter,sparmeterpx@slideshare.net,183-599-9761
Margarette,Rapinett,mrapinettpy@ucla.edu,890-325-5559
Egbert,Iacovielli,eiacoviellipz@google.co.uk,654-953-1202
Farrah,Phinnis,fphinnisq0@barnesandnoble.com,401-304-9210
Prentice,Kemmey,pkemmeyq1@youku.com,746-116-2665
Nealson,Lionel,nlionelq2@craigslist.org,134-277-4850
Andra,Junkinson,ajunkinsonq3@usatoday.com,952-716-8464
Onida,McDirmid,omcdirmidq4@cargocollective.com,168-382-8123
Ainslee,Persian,,
Kizzee,Aleksich,,
Addie,Pennyman,apennymanq7@edublogs.org,958-465-9150
Hilary,Bartholin,hbartholinq8@comsenz.com,173-961-7866
Teri,Gabites,tgabitesq9@phpbb.com,460-920-7896
Jedediah,Scirman,jscirmanqa@webnode.com,445-157-6238
Milka,Meiner,mmeinerqb@mashable.com,315-937-1696
Jackqueline,Dincke,jdinckeqc@arizona.edu,233-163-1344
Perri,Mantione,pmantioneqd@businessweek.com,235-365-5769
Julee,Camies,jcamiesqe@reverbnation.com,354-991-6339
Obadias,Croneen,ocroneenqf@irs.gov,356-884-2975
Emmeline,O'Hoey,eohoeyqg@1688.com,855-406-9175
Bastian,Elan,belanqh@earthlink.net,389-717-1549
Kristina,Petasch,kpetaschqi@comsenz.com,988-446-8815
Zondra,Worsnop,zworsnopqj@ed.gov,529-604-7867
Nev,Bernardoux,nbernardouxqk@adobe.com,473-557-0739
Jeri,Guerre,jguerreql@time.com,290-367-7893
Boris,Keighley,bkeighleyqm@booking.com,699-359-7094
Cornelia,Trevillion,ctrevillionqn@joomla.org,431-225-9112
Brook,Yarn,byarnqo@shinystat.com,483-164-1502
Mureil,Cornewell,,
Marietta,Thynn,,
Dorelia,Auguste,daugusteqr@privacy.gov.au,350-552-8887
Kristofor,Ivashnyov,kivashnyovqs@prlog.org,457-624-2427
Lamond,Barhims,lbarhimsqt@scribd.com,775-439-2186
Lizette,Saltman,lsaltmanqu@ask.com,317-253-2189
Jason,Strase,jstraseqv@zimbio.com,604-644-3995
Lars,Pickup,,
Del,Cogan,dcoganqx@pagesperso-orange.fr,215-999-2742
Lotta,Beglin,,
Eustacia,Narracott,enarracottqz@amazon.de,733-630-8741
Orton,McGuigan,omcguiganr0@google.com.hk,181-940-1802
Fayth,Lufkin,flufkinr1@go.com,238-493-4285
Erminia,Kingsbury,ekingsburyr2@state.tx.us,911-104-3449
Hildagarde,Simo,hsimor3@google.fr,575-295-2202
Gaven,Lidgey,glidgeyr4@reddit.com,574-908-8172
Bradney,Driffe,bdriffer5@blogs.com,970-658-0375
Cesya,Aughtie,caughtier6@vinaora.com,400-776-0872
Casandra,Anlay,canlayr7@berkeley.edu,368-883-2188
Cornie,Cadney,ccadneyr8@lulu.com,282-618-6724
Warden,Wenman,wwenmanr9@google.com.hk,368-472-4372
Lida,Zini,lzinira@ustream.tv,545-992-1440
Silvano,Stronack,sstronackrb@mlb.com,328-919-2193
Libbey,Morcombe,lmorcomberc@paginegialle.it,232-408-1298
Jenda,Monketon,jmonketonrd@reference.com,325-443-0047
Maynard,Mesnard,mmesnardre@mashable.com,163-782-6378
Evan,Gertray,,
Harwilll,Chill,hchillrg@nsw.gov.au,602-661-8922
Bobbi,Olenin,boleninrh@hibu.com,649-872-8906
Leigha,Aberdein,laberdeinri@paypal.com,325-370-9784
Mab,Crolla,mcrollarj@parallels.com,838-645-0204
Truman,Nieass,tnieassrk@tumblr.com,925-673-0859
Raynell,Johnston,rjohnstonrl@dagondesign.com,832-517-5012
Hugh,Arbuckle,,
Roi,Earry,rearryrn@huffingtonpost.com,829-222-7765
Adrianne,Guisot,aguisotro@alexa.com,603-131-0012
Aggi,Cristoforetti,acristoforettirp@canalblog.com,717-182-6040
Glenn,Tuvey,gtuveyrq@stanford.edu,522-267-1970
Isidro,Ellis,iellisrr@nbcnews.com,101-646-6483
